-- Adminer 5.3.0 MariaDB 10.8.3-MariaDB-1:10.8.3+maria~jammy dump

SET NAMES utf8;
SET time_zone = '+00:00';
SET foreign_key_checks = 0;
SET sql_mode = 'NO_AUTO_VALUE_ON_ZERO';

USE `rehamed`;

SET NAMES utf8mb4;

CREATE TABLE `appointments` (
  `id` bigint(20) unsigned NOT NULL AUTO_INCREMENT,
  `title` varchar(255) COLLATE utf8mb4_unicode_ci NOT NULL,
  `type` enum('fizjoterapia','konsultacja','masaz','neurorehabilitacja','kontrola') COLLATE utf8mb4_unicode_ci NOT NULL,
  `start_time` datetime NOT NULL,
  `end_time` datetime NOT NULL,
  `doctor_id` bigint(20) unsigned DEFAULT NULL,
  `doctor_name` varchar(255) COLLATE utf8mb4_unicode_ci DEFAULT NULL,
  `patient_id` bigint(20) unsigned DEFAULT NULL,
  `patient_name` varchar(255) COLLATE utf8mb4_unicode_ci DEFAULT NULL,
  `notes` text COLLATE utf8mb4_unicode_ci DEFAULT NULL,
  `status` enum('scheduled','completed','cancelled','no_show') COLLATE utf8mb4_unicode_ci NOT NULL DEFAULT 'scheduled',
  `reservation_type` enum('online','phone','in_person','doctor_created') COLLATE utf8mb4_unicode_ci NOT NULL DEFAULT 'doctor_created',
  `reservation_status` enum('pending','confirmed','rejected','auto_confirmed') COLLATE utf8mb4_unicode_ci DEFAULT NULL,
  `priority` enum('normal','urgent','emergency') COLLATE utf8mb4_unicode_ci NOT NULL DEFAULT 'normal',
  `patient_can_cancel` tinyint(1) NOT NULL DEFAULT 1,
  `confirmed_at` timestamp NULL DEFAULT NULL,
  `rejected_at` timestamp NULL DEFAULT NULL,
  `rejection_reason` text COLLATE utf8mb4_unicode_ci DEFAULT NULL,
  `price` decimal(8,2) DEFAULT NULL,
  `color` varchar(7) COLLATE utf8mb4_unicode_ci DEFAULT NULL,
  `metadata` longtext CHARACTER SET utf8mb4 COLLATE utf8mb4_bin DEFAULT NULL CHECK (json_valid(`metadata`)),
  `created_at` timestamp NULL DEFAULT NULL,
  `updated_at` timestamp NULL DEFAULT NULL,
  PRIMARY KEY (`id`),
  KEY `appointments_doctor_id_start_time_index` (`doctor_id`,`start_time`),
  KEY `appointments_patient_id_start_time_index` (`patient_id`,`start_time`),
  KEY `appointments_status_start_time_index` (`status`,`start_time`),
  KEY `appointments_start_time_end_time_index` (`start_time`,`end_time`),
  KEY `appointments_reservation_status_index` (`reservation_status`),
  KEY `appointments_doctor_id_reservation_status_index` (`doctor_id`,`reservation_status`),
  CONSTRAINT `appointments_doctor_id_foreign` FOREIGN KEY (`doctor_id`) REFERENCES `users` (`id`) ON DELETE SET NULL,
  CONSTRAINT `appointments_patient_id_foreign` FOREIGN KEY (`patient_id`) REFERENCES `users` (`id`) ON DELETE SET NULL
) ENGINE=InnoDB DEFAULT CHARSET=utf8mb4 COLLATE=utf8mb4_unicode_ci;

INSERT INTO `appointments` (`id`, `title`, `type`, `start_time`, `end_time`, `doctor_id`, `doctor_name`, `patient_id`, `patient_name`, `notes`, `status`, `reservation_type`, `reservation_status`, `priority`, `patient_can_cancel`, `confirmed_at`, `rejected_at`, `rejection_reason`, `price`, `color`, `metadata`, `created_at`, `updated_at`) VALUES
(11,	'SASA',	'fizjoterapia',	'2025-11-25 13:00:00',	'2025-11-25 13:15:00',	3,	'Kuba Kokowski',	2,	'Damian Duda',	'sasa',	'scheduled',	'doctor_created',	NULL,	'normal',	1,	NULL,	NULL,	NULL,	4.00,	NULL,	NULL,	'2025-11-17 04:28:01',	'2025-11-20 02:15:09'),
(14,	'test',	'fizjoterapia',	'2025-11-24 14:00:00',	'2025-11-24 15:45:00',	3,	'Kuba Kokowski',	2,	'Damian Duda',	'test',	'scheduled',	'doctor_created',	NULL,	'normal',	1,	NULL,	NULL,	NULL,	3.00,	NULL,	NULL,	'2025-11-20 02:14:09',	'2025-11-20 21:17:32'),
(15,	'Fizjo',	'fizjoterapia',	'2025-11-26 13:00:00',	'2025-11-26 13:15:00',	3,	'Kuba Kokowski',	2,	'Damian Duda',	'dadas',	'scheduled',	'doctor_created',	NULL,	'normal',	1,	NULL,	NULL,	NULL,	4.00,	NULL,	NULL,	'2025-11-20 02:28:43',	'2025-11-20 02:28:43'),
(16,	'dupa',	'fizjoterapia',	'2025-11-28 14:00:00',	'2025-11-28 15:15:00',	3,	'Kuba Kokowski',	2,	'Damian Duda',	'as',	'scheduled',	'doctor_created',	NULL,	'normal',	1,	NULL,	NULL,	NULL,	4.00,	NULL,	NULL,	'2025-11-20 20:32:30',	'2025-11-30 01:06:49'),
(18,	'ostateczna dupa',	'fizjoterapia',	'2025-12-01 13:30:00',	'2025-12-01 13:45:00',	3,	'Kuba Kokowski',	6,	'Oliver W贸jcik',	'dasdasdas',	'scheduled',	'doctor_created',	NULL,	'normal',	1,	NULL,	NULL,	NULL,	5.00,	NULL,	NULL,	'2025-11-29 01:00:41',	'2025-12-14 13:35:33'),
(21,	'test nowy harmo - Blokada czasu',	'fizjoterapia',	'2025-12-15 13:30:00',	'2025-12-15 14:30:00',	3,	'Kuba Kokowski',	2,	'Damian Duda',	'dsa',	'scheduled',	'doctor_created',	NULL,	'normal',	1,	NULL,	NULL,	NULL,	3.00,	NULL,	NULL,	'2025-12-14 13:55:28',	'2025-12-16 18:05:46'),
(25,	'twoja wizyta - Damian Duda',	'fizjoterapia',	'2025-12-16 14:00:00',	'2025-12-16 14:45:00',	3,	'Kuba Kokowski',	2,	'Damian Duda',	'zfsdf',	'completed',	'doctor_created',	NULL,	'normal',	1,	NULL,	NULL,	NULL,	3.00,	NULL,	NULL,	'2025-12-14 16:40:03',	'2025-12-15 18:12:58'),
(27,	'm贸zg - Jan Kowalski (Dr Kuba Kokowski)',	'fizjoterapia',	'2025-12-18 13:00:00',	'2025-12-18 14:00:00',	3,	'Kuba Kokowski',	10,	'Kacper migo',	'dasda',	'scheduled',	'doctor_created',	NULL,	'normal',	1,	NULL,	NULL,	NULL,	NULL,	NULL,	NULL,	'2025-12-15 17:47:44',	'2025-12-15 18:26:18'),
(28,	'pay test',	'fizjoterapia',	'2025-12-18 10:00:00',	'2025-12-18 10:15:00',	3,	'Kuba Kokowski',	2,	'Damian Duda',	'fdfsdfs',	'scheduled',	'doctor_created',	NULL,	'normal',	1,	NULL,	NULL,	NULL,	3.00,	NULL,	NULL,	'2025-12-16 10:42:27',	'2025-12-16 10:42:27'),
(29,	'masaze',	'masaz',	'2025-12-22 14:00:00',	'2025-12-22 15:00:00',	11,	'Adrian Wajdzik',	2,	'Damian Duda',	'fdsfsfsd',	'scheduled',	'doctor_created',	NULL,	'normal',	1,	NULL,	NULL,	NULL,	NULL,	NULL,	NULL,	'2025-12-16 13:23:25',	'2025-12-16 13:23:25'),
(30,	'test rezerwacja',	'fizjoterapia',	'2025-12-22 15:00:00',	'2025-12-22 15:15:00',	3,	'Kuba Kokowski',	2,	'Damian Duda',	'dsadas',	'completed',	'doctor_created',	NULL,	'normal',	1,	NULL,	NULL,	NULL,	3.00,	NULL,	'{\"patient_messages\":[{\"message\":\"siema\",\"sent_at\":\"2025-12-16 18:24:36\",\"sender_name\":\"Kuba Ko\\u0142kowski\"}]}',	'2025-12-16 17:57:39',	'2026-01-12 13:49:19'),
(32,	'test rezerwacja neuro',	'neurorehabilitacja',	'2025-12-22 16:00:00',	'2025-12-22 17:00:00',	11,	'Adrian Wajdzik',	2,	'Damian Duda',	'dsadsa',	'scheduled',	'doctor_created',	NULL,	'normal',	1,	NULL,	NULL,	NULL,	NULL,	NULL,	NULL,	'2025-12-16 18:33:36',	'2025-12-16 18:33:36'),
(33,	'neuro adrian wajdzik',	'neurorehabilitacja',	'2025-12-24 12:00:00',	'2025-12-24 13:00:00',	11,	'Adrian Wajdzik',	2,	'Damian Duda',	'dsada',	'scheduled',	'doctor_created',	NULL,	'normal',	1,	NULL,	NULL,	NULL,	NULL,	NULL,	NULL,	'2025-12-16 18:36:57',	'2025-12-16 18:36:57'),
(34,	'dassdas',	'konsultacja',	'2026-01-02 12:30:00',	'2026-01-02 13:30:00',	3,	NULL,	2,	NULL,	'dsadas',	'scheduled',	'doctor_created',	NULL,	'normal',	1,	NULL,	NULL,	NULL,	NULL,	NULL,	NULL,	'2025-12-22 03:47:45',	'2026-01-12 16:40:41'),
(35,	'oj',	'masaz',	'2025-12-30 13:30:00',	'2025-12-30 14:30:00',	11,	NULL,	3,	NULL,	NULL,	'scheduled',	'doctor_created',	NULL,	'normal',	1,	NULL,	NULL,	NULL,	NULL,	NULL,	NULL,	'2025-12-27 21:45:33',	'2026-01-06 23:58:25'),
(36,	'dasdasdas',	'fizjoterapia',	'2026-01-02 11:30:00',	'2026-01-02 11:45:00',	3,	NULL,	2,	NULL,	'dsadasdas',	'scheduled',	'doctor_created',	NULL,	'normal',	1,	NULL,	NULL,	NULL,	3.00,	NULL,	NULL,	'2026-01-01 17:11:33',	'2026-01-08 00:51:08'),
(37,	'test zielony',	'masaz',	'2026-01-09 12:00:00',	'2026-01-09 13:00:00',	3,	NULL,	4,	NULL,	'dasdasdas',	'scheduled',	'doctor_created',	NULL,	'normal',	1,	NULL,	NULL,	NULL,	5.00,	NULL,	NULL,	'2026-01-09 15:57:23',	'2026-01-09 15:57:23'),
(38,	'test terap',	'fizjoterapia',	'2026-01-13 14:00:00',	'2026-01-13 15:00:00',	3,	NULL,	3,	NULL,	'dasdas',	'scheduled',	'doctor_created',	NULL,	'normal',	1,	NULL,	NULL,	NULL,	NULL,	NULL,	NULL,	'2026-01-12 16:44:06',	'2026-01-12 16:44:06'),
(39,	'test admin',	'fizjoterapia',	'2026-01-13 15:00:00',	'2026-01-13 16:15:00',	11,	NULL,	4,	NULL,	'dasdasdsa',	'scheduled',	'doctor_created',	NULL,	'normal',	1,	NULL,	NULL,	NULL,	3.00,	NULL,	NULL,	'2026-01-12 16:48:00',	'2026-01-12 16:48:00'),
(42,	'doctor_id test null',	'konsultacja',	'2026-01-27 11:00:00',	'2026-01-27 12:00:00',	11,	NULL,	2,	NULL,	'dasdada',	'scheduled',	'online',	'confirmed',	'normal',	1,	'2026-01-25 16:07:26',	NULL,	NULL,	NULL,	NULL,	'{\"available_doctor_ids\":[11],\"created_at_slot\":\"2026-01-27 12:00-13:00\"}',	'2026-01-25 15:28:10',	'2026-01-25 16:07:26'),
(43,	'test prosze dziaaj',	'neurorehabilitacja',	'2026-01-29 13:00:00',	'2026-01-29 14:00:00',	3,	NULL,	2,	NULL,	'ddsadasd',	'scheduled',	'online',	'confirmed',	'normal',	1,	'2026-01-25 15:44:56',	NULL,	NULL,	NULL,	NULL,	'{\"available_doctor_ids\":[3,11],\"created_at_slot\":\"2026-01-29 13:00-14:00\"}',	'2026-01-25 15:44:25',	'2026-01-27 18:15:32'),
(44,	'test admina przyje',	'kontrola',	'2026-01-30 12:00:00',	'2026-01-30 13:00:00',	3,	NULL,	2,	NULL,	'dasdada',	'scheduled',	'online',	'confirmed',	'normal',	1,	'2026-01-27 22:06:31',	NULL,	NULL,	5.00,	NULL,	'{\"available_doctor_ids\":[3,11],\"created_at_slot\":\"2026-01-30 13:00-14:00\"}',	'2026-01-25 15:46:51',	'2026-01-27 22:06:31'),
(45,	'test payment godz klinika',	'neurorehabilitacja',	'2026-01-29 10:00:00',	'2026-01-29 11:00:00',	3,	NULL,	2,	NULL,	'dasda',	'scheduled',	'online',	'confirmed',	'normal',	1,	'2026-01-25 23:51:33',	NULL,	NULL,	3.00,	NULL,	'{\"available_doctor_ids\":[3,11],\"created_at_slot\":\"2026-01-29 11:00-12:00\"}',	'2026-01-25 23:50:54',	'2026-01-25 23:51:33'),
(46,	'kbkjbjkb',	'masaz',	'2026-01-26 15:00:00',	'2026-01-26 16:00:00',	11,	NULL,	2,	NULL,	'dasdas',	'scheduled',	'online',	'confirmed',	'normal',	1,	'2026-01-26 01:27:09',	NULL,	NULL,	3.00,	NULL,	'{\"available_doctor_ids\":[11],\"created_at_slot\":\"2026-01-26 16:00-17:00\"}',	'2026-01-26 01:26:24',	'2026-01-26 01:27:09'),
(47,	'bledy',	'neurorehabilitacja',	'2026-01-28 11:00:00',	'2026-01-28 12:00:00',	3,	NULL,	2,	NULL,	'hkjhkjggkkg',	'scheduled',	'online',	'confirmed',	'normal',	1,	'2026-01-27 22:42:10',	NULL,	NULL,	5.00,	NULL,	'{\"available_doctor_ids\":[3,11],\"created_at_slot\":\"2026-01-28 12:00-13:00\"}',	'2026-01-27 22:28:46',	'2026-01-27 22:42:10'),
(48,	'dasdasdsa',	'neurorehabilitacja',	'2026-01-28 11:00:00',	'2026-01-28 12:00:00',	NULL,	NULL,	2,	NULL,	'sdsadsa',	'scheduled',	'online',	'pending',	'normal',	1,	NULL,	NULL,	NULL,	NULL,	NULL,	'{\"available_doctor_ids\":[11],\"created_at_slot\":\"2026-01-28 12:00-13:00\",\"declined_by\":[{\"doctor_id\":3,\"reason\":\"das\",\"declined_at\":\"2026-01-27 22:45:03\"}]}',	'2026-01-27 22:29:55',	'2026-01-27 22:45:03'),
(49,	'uibjk',	'konsultacja',	'2026-01-30 11:00:00',	'2026-01-30 12:00:00',	NULL,	NULL,	2,	NULL,	'giikkj',	'scheduled',	'online',	'pending',	'normal',	1,	NULL,	NULL,	NULL,	NULL,	NULL,	'{\"available_doctor_ids\":[11],\"created_at_slot\":\"2026-01-30 12:00-13:00\"}',	'2026-01-27 22:31:07',	'2026-01-27 22:31:07'),
(50,	'hjvj',	'masaz',	'2026-01-29 11:00:00',	'2026-01-29 12:00:00',	NULL,	NULL,	2,	NULL,	'iukugi',	'scheduled',	'online',	'pending',	'normal',	1,	NULL,	NULL,	NULL,	NULL,	NULL,	'{\"available_doctor_ids\":[11],\"created_at_slot\":\"2026-01-29 12:00-13:00\"}',	'2026-01-27 22:34:10',	'2026-01-27 22:34:10'),
(51,	'bjkkjbj',	'masaz',	'2026-01-30 09:00:00',	'2026-01-30 10:00:00',	NULL,	NULL,	2,	NULL,	'hhjolhjlk',	'scheduled',	'online',	'pending',	'normal',	1,	NULL,	NULL,	NULL,	NULL,	NULL,	'{\"available_doctor_ids\":[3,11],\"created_at_slot\":\"2026-01-30 10:00-11:00\"}',	'2026-01-27 22:36:20',	'2026-01-27 22:36:20'),
(52,	'mm;m;',	'fizjoterapia',	'2026-01-30 10:00:00',	'2026-01-30 11:00:00',	NULL,	NULL,	2,	NULL,	NULL,	'scheduled',	'online',	'pending',	'normal',	1,	NULL,	NULL,	NULL,	NULL,	NULL,	'{\"available_doctor_ids\":[3,11],\"created_at_slot\":\"2026-01-30 11:00-12:00\"}',	'2026-01-27 22:36:41',	'2026-01-27 22:36:41'),
(54,	'gfgfdgfdgfd',	'masaz',	'2026-02-02 13:00:00',	'2026-02-02 14:00:00',	NULL,	NULL,	2,	NULL,	'dasdadas',	'scheduled',	'online',	'pending',	'normal',	1,	NULL,	NULL,	NULL,	NULL,	NULL,	'{\"available_doctor_ids\":[11],\"created_at_slot\":\"2026-02-02 14:00-15:00\"}',	'2026-02-01 23:52:56',	'2026-02-01 23:52:56'),
(57,	'test wsp贸lnota',	'neurorehabilitacja',	'2026-02-04 12:00:00',	'2026-02-04 13:00:00',	11,	NULL,	2,	NULL,	'hfgdfgfd',	'scheduled',	'online',	'confirmed',	'normal',	1,	'2026-02-02 00:14:15',	NULL,	NULL,	3.00,	NULL,	'{\"available_doctor_ids\":[3,11],\"created_at_slot\":\"2026-02-04 13:00-14:00\"}',	'2026-02-02 00:13:35',	'2026-02-02 00:14:15'),
(58,	'test wsp贸lnota 2',	'masaz',	'2026-02-04 12:00:00',	'2026-02-04 13:00:00',	NULL,	NULL,	2,	NULL,	'rtertr',	'cancelled',	'online',	'rejected',	'normal',	1,	NULL,	'2026-02-02 00:55:06',	'oo',	NULL,	NULL,	'{\"available_doctor_ids\":[3,11],\"created_at_slot\":\"2026-02-04 13:00-14:00\"}',	'2026-02-02 00:14:02',	'2026-02-02 00:55:06'),
(59,	'test rezerwacja przez fizjo',	'masaz',	'2026-02-05 12:00:00',	'2026-02-05 13:00:00',	11,	NULL,	2,	NULL,	'dsadadsdas',	'scheduled',	'online',	'confirmed',	'normal',	1,	'2026-02-02 01:11:55',	NULL,	NULL,	3.00,	NULL,	'{\"available_doctor_ids\":[11],\"created_at_slot\":\"2026-02-05 13:00-14:00\",\"declined_by\":[{\"doctor_id\":3,\"reason\":\"nie mam czasu\",\"declined_at\":\"2026-02-02 01:05:13\"}]}',	'2026-02-02 01:04:37',	'2026-02-02 01:11:55');

CREATE TABLE `blocked_slots` (
  `id` bigint(20) unsigned NOT NULL AUTO_INCREMENT,
  `doctor_id` bigint(20) unsigned NOT NULL,
  `start_time` datetime NOT NULL,
  `end_time` datetime NOT NULL,
  `reason` enum('personal','vacation','sick_leave','training','emergency','other') COLLATE utf8mb4_unicode_ci NOT NULL DEFAULT 'other',
  `notes` text COLLATE utf8mb4_unicode_ci DEFAULT NULL,
  `is_recurring` tinyint(1) NOT NULL DEFAULT 0,
  `recurrence_pattern` longtext CHARACTER SET utf8mb4 COLLATE utf8mb4_bin DEFAULT NULL CHECK (json_valid(`recurrence_pattern`)),
  `created_at` timestamp NULL DEFAULT NULL,
  `updated_at` timestamp NULL DEFAULT NULL,
  PRIMARY KEY (`id`),
  KEY `blocked_slots_doctor_id_start_time_end_time_index` (`doctor_id`,`start_time`,`end_time`),
  KEY `blocked_slots_start_time_index` (`start_time`),
  CONSTRAINT `blocked_slots_doctor_id_foreign` FOREIGN KEY (`doctor_id`) REFERENCES `users` (`id`) ON DELETE CASCADE
) ENGINE=InnoDB DEFAULT CHARSET=utf8mb4 COLLATE=utf8mb4_unicode_ci;


CREATE TABLE `cache` (
  `key` varchar(255) COLLATE utf8mb4_unicode_ci NOT NULL,
  `value` mediumtext COLLATE utf8mb4_unicode_ci NOT NULL,
  `expiration` int(11) NOT NULL,
  PRIMARY KEY (`key`)
) ENGINE=InnoDB DEFAULT CHARSET=utf8mb4 COLLATE=utf8mb4_unicode_ci;


CREATE TABLE `cache_locks` (
  `key` varchar(255) COLLATE utf8mb4_unicode_ci NOT NULL,
  `owner` varchar(255) COLLATE utf8mb4_unicode_ci NOT NULL,
  `expiration` int(11) NOT NULL,
  PRIMARY KEY (`key`)
) ENGINE=InnoDB DEFAULT CHARSET=utf8mb4 COLLATE=utf8mb4_unicode_ci;


CREATE TABLE `clinic_hours` (
  `id` bigint(20) unsigned NOT NULL AUTO_INCREMENT,
  `day_of_week` int(11) NOT NULL,
  `start_time` time NOT NULL,
  `end_time` time NOT NULL,
  `is_active` tinyint(1) NOT NULL DEFAULT 1,
  `created_at` timestamp NULL DEFAULT NULL,
  `updated_at` timestamp NULL DEFAULT NULL,
  PRIMARY KEY (`id`),
  UNIQUE KEY `clinic_hours_day_of_week_unique` (`day_of_week`)
) ENGINE=InnoDB DEFAULT CHARSET=utf8mb4 COLLATE=utf8mb4_unicode_ci;

INSERT INTO `clinic_hours` (`id`, `day_of_week`, `start_time`, `end_time`, `is_active`, `created_at`, `updated_at`) VALUES
(1,	1,	'14:00:00',	'21:00:00',	1,	'2026-01-24 15:10:38',	'2026-01-25 03:32:03'),
(2,	2,	'07:00:00',	'21:00:00',	1,	'2026-01-24 15:10:38',	'2026-01-24 15:10:38'),
(3,	3,	'07:00:00',	'21:00:00',	1,	'2026-01-24 15:10:38',	'2026-01-24 15:10:38'),
(4,	4,	'07:00:00',	'21:00:00',	1,	'2026-01-24 15:10:38',	'2026-01-24 15:10:38'),
(5,	5,	'07:00:00',	'21:00:00',	1,	'2026-01-24 15:10:38',	'2026-01-24 15:10:38'),
(6,	6,	'08:00:00',	'16:00:00',	1,	'2026-01-24 15:10:38',	'2026-01-24 15:10:38'),
(7,	0,	'10:00:00',	'16:00:00',	1,	'2026-01-24 15:10:38',	'2026-01-25 03:25:22');

CREATE TABLE `conversations` (
  `id` bigint(20) unsigned NOT NULL AUTO_INCREMENT,
  `user_one_id` bigint(20) unsigned NOT NULL,
  `user_two_id` bigint(20) unsigned NOT NULL,
  `last_message_at` timestamp NULL DEFAULT NULL,
  `created_at` timestamp NULL DEFAULT NULL,
  `updated_at` timestamp NULL DEFAULT NULL,
  PRIMARY KEY (`id`),
  UNIQUE KEY `conversations_user_one_id_user_two_id_unique` (`user_one_id`,`user_two_id`),
  KEY `conversations_user_two_id_foreign` (`user_two_id`),
  KEY `conversations_user_one_id_user_two_id_index` (`user_one_id`,`user_two_id`),
  KEY `conversations_last_message_at_index` (`last_message_at`),
  CONSTRAINT `conversations_user_one_id_foreign` FOREIGN KEY (`user_one_id`) REFERENCES `users` (`id`) ON DELETE CASCADE,
  CONSTRAINT `conversations_user_two_id_foreign` FOREIGN KEY (`user_two_id`) REFERENCES `users` (`id`) ON DELETE CASCADE
) ENGINE=InnoDB DEFAULT CHARSET=utf8mb4 COLLATE=utf8mb4_unicode_ci;

INSERT INTO `conversations` (`id`, `user_one_id`, `user_two_id`, `last_message_at`, `created_at`, `updated_at`) VALUES
(1,	2,	3,	'2025-09-16 01:31:24',	'2025-09-14 16:51:00',	'2025-09-16 01:31:24'),
(2,	1,	3,	'2026-01-02 01:32:17',	'2025-09-14 16:58:53',	'2026-01-02 01:32:17'),
(4,	1,	9,	'2025-09-30 19:13:24',	'2025-09-21 23:47:41',	'2025-09-30 19:13:24'),
(5,	1,	2,	'2025-10-29 12:14:52',	'2025-09-30 00:27:09',	'2025-10-29 12:14:52'),
(6,	3,	8,	'2025-10-07 00:23:25',	'2025-10-07 00:23:25',	'2025-10-07 00:23:25'),
(7,	1,	6,	'2025-10-12 13:55:02',	'2025-10-12 13:55:02',	'2025-10-12 13:55:02'),
(8,	1,	8,	'2025-11-07 12:04:57',	'2025-11-07 12:04:57',	'2025-11-07 12:04:57');

CREATE TABLE `doctor_schedules` (
  `id` bigint(20) unsigned NOT NULL AUTO_INCREMENT,
  `doctor_id` bigint(20) unsigned NOT NULL,
  `day_of_week` int(11) NOT NULL,
  `start_time` time DEFAULT NULL,
  `end_time` time DEFAULT NULL,
  `break_start` time DEFAULT NULL,
  `break_end` time DEFAULT NULL,
  `appointment_duration` int(11) NOT NULL DEFAULT 60,
  `is_active` tinyint(1) NOT NULL DEFAULT 1,
  `created_at` timestamp NULL DEFAULT NULL,
  `updated_at` timestamp NULL DEFAULT NULL,
  PRIMARY KEY (`id`),
  UNIQUE KEY `doctor_schedules_doctor_id_day_of_week_unique` (`doctor_id`,`day_of_week`),
  KEY `doctor_schedules_doctor_id_is_active_index` (`doctor_id`,`is_active`),
  CONSTRAINT `doctor_schedules_doctor_id_foreign` FOREIGN KEY (`doctor_id`) REFERENCES `users` (`id`) ON DELETE CASCADE
) ENGINE=InnoDB DEFAULT CHARSET=utf8mb4 COLLATE=utf8mb4_unicode_ci;

INSERT INTO `doctor_schedules` (`id`, `doctor_id`, `day_of_week`, `start_time`, `end_time`, `break_start`, `break_end`, `appointment_duration`, `is_active`, `created_at`, `updated_at`) VALUES
(8,	3,	0,	'08:00:00',	'16:00:00',	NULL,	NULL,	60,	0,	'2025-12-14 17:03:07',	'2025-12-14 17:03:07'),
(9,	3,	1,	'16:00:00',	'18:00:00',	NULL,	NULL,	60,	1,	'2025-12-14 17:03:07',	'2026-01-25 03:43:21'),
(10,	3,	2,	'14:00:00',	'16:00:00',	NULL,	NULL,	60,	1,	'2025-12-14 17:03:07',	'2025-12-14 17:48:29'),
(11,	3,	3,	'08:00:00',	'16:00:00',	NULL,	NULL,	60,	1,	'2025-12-14 17:03:07',	'2025-12-14 17:03:07'),
(12,	3,	4,	'08:00:00',	'16:00:00',	NULL,	NULL,	60,	1,	'2025-12-14 17:03:07',	'2025-12-14 17:03:07'),
(13,	3,	5,	'08:00:00',	'16:00:00',	NULL,	NULL,	60,	1,	'2025-12-14 17:03:07',	'2025-12-14 17:03:07'),
(14,	3,	6,	'08:00:00',	'16:00:00',	NULL,	NULL,	60,	1,	'2025-12-14 17:03:07',	'2026-01-26 01:38:42'),
(15,	11,	0,	'08:00:00',	'16:00:00',	NULL,	NULL,	60,	0,	'2025-12-14 17:32:19',	'2025-12-14 17:32:19'),
(16,	11,	1,	'09:00:00',	'20:00:00',	NULL,	NULL,	60,	1,	'2025-12-14 17:32:19',	'2025-12-14 17:32:19'),
(17,	11,	2,	'08:00:00',	'16:00:00',	NULL,	NULL,	60,	1,	'2025-12-14 17:32:19',	'2025-12-16 18:35:42'),
(18,	11,	3,	'08:00:00',	'16:00:00',	NULL,	NULL,	60,	1,	'2025-12-14 17:32:19',	'2025-12-16 18:35:42'),
(19,	11,	4,	'08:00:00',	'16:00:00',	NULL,	NULL,	60,	1,	'2025-12-14 17:32:19',	'2025-12-16 18:35:42'),
(20,	11,	5,	'08:00:00',	'16:00:00',	NULL,	NULL,	60,	1,	'2025-12-14 17:32:19',	'2025-12-16 18:35:42'),
(21,	11,	6,	'08:00:00',	'16:00:00',	NULL,	NULL,	60,	0,	'2025-12-14 17:32:19',	'2025-12-14 17:32:19');

CREATE TABLE `failed_jobs` (
  `id` bigint(20) unsigned NOT NULL AUTO_INCREMENT,
  `uuid` varchar(255) COLLATE utf8mb4_unicode_ci NOT NULL,
  `connection` text COLLATE utf8mb4_unicode_ci NOT NULL,
  `queue` text COLLATE utf8mb4_unicode_ci NOT NULL,
  `payload` longtext COLLATE utf8mb4_unicode_ci NOT NULL,
  `exception` longtext COLLATE utf8mb4_unicode_ci NOT NULL,
  `failed_at` timestamp NOT NULL DEFAULT current_timestamp(),
  PRIMARY KEY (`id`),
  UNIQUE KEY `failed_jobs_uuid_unique` (`uuid`)
) ENGINE=InnoDB DEFAULT CHARSET=utf8mb4 COLLATE=utf8mb4_unicode_ci;


CREATE TABLE `invoices` (
  `id` bigint(20) unsigned NOT NULL AUTO_INCREMENT,
  `payment_id` bigint(20) unsigned NOT NULL,
  `user_id` bigint(20) unsigned NOT NULL,
  `invoice_number` varchar(255) COLLATE utf8mb4_unicode_ci NOT NULL,
  `amount` decimal(10,2) NOT NULL,
  `currency` varchar(3) COLLATE utf8mb4_unicode_ci NOT NULL DEFAULT 'PLN',
  `status` enum('draft','issued','paid','cancelled') COLLATE utf8mb4_unicode_ci NOT NULL DEFAULT 'draft',
  `notes` text COLLATE utf8mb4_unicode_ci DEFAULT NULL,
  `file_path` varchar(255) COLLATE utf8mb4_unicode_ci DEFAULT NULL,
  `issued_at` timestamp NULL DEFAULT NULL,
  `due_at` timestamp NULL DEFAULT NULL,
  `paid_at` timestamp NULL DEFAULT NULL,
  `created_at` timestamp NULL DEFAULT NULL,
  `updated_at` timestamp NULL DEFAULT NULL,
  PRIMARY KEY (`id`),
  UNIQUE KEY `invoices_invoice_number_unique` (`invoice_number`),
  KEY `invoices_payment_id_index` (`payment_id`),
  KEY `invoices_user_id_index` (`user_id`),
  KEY `invoices_invoice_number_index` (`invoice_number`),
  KEY `invoices_status_index` (`status`),
  CONSTRAINT `invoices_payment_id_foreign` FOREIGN KEY (`payment_id`) REFERENCES `payments` (`id`) ON DELETE CASCADE,
  CONSTRAINT `invoices_user_id_foreign` FOREIGN KEY (`user_id`) REFERENCES `users` (`id`) ON DELETE CASCADE
) ENGINE=InnoDB DEFAULT CHARSET=utf8mb4 COLLATE=utf8mb4_unicode_ci;

INSERT INTO `invoices` (`id`, `payment_id`, `user_id`, `invoice_number`, `amount`, `currency`, `status`, `notes`, `file_path`, `issued_at`, `due_at`, `paid_at`, `created_at`, `updated_at`) VALUES
(3,	3,	2,	'INV/2025/11/0003',	4.00,	'PLN',	'paid',	NULL,	NULL,	'2025-11-18 02:05:03',	NULL,	'2025-11-18 02:05:03',	'2025-11-18 02:05:03',	'2025-11-18 02:05:03'),
(4,	4,	2,	'INV/2025/11/0004',	3.00,	'pln',	'paid',	NULL,	NULL,	'2025-11-20 02:26:22',	NULL,	'2025-11-20 02:26:22',	'2025-11-20 02:26:22',	'2025-11-20 02:26:22'),
(5,	5,	2,	'INV/2025/11/0005',	4.00,	'pln',	'paid',	NULL,	NULL,	'2025-11-20 02:30:45',	NULL,	'2025-11-20 02:30:45',	'2025-11-20 02:30:45',	'2025-11-20 02:30:45'),
(6,	6,	2,	'INV/2025/11/0006',	4.00,	'pln',	'paid',	NULL,	NULL,	'2025-11-20 20:41:20',	NULL,	'2025-11-20 20:41:20',	'2025-11-20 20:41:20',	'2025-11-20 20:41:20'),
(7,	8,	6,	'INV/2025/11/0007',	5.00,	'pln',	'paid',	NULL,	NULL,	'2025-11-29 01:02:07',	NULL,	'2025-11-29 01:02:07',	'2025-11-29 01:02:07',	'2025-11-29 01:02:07'),
(8,	13,	2,	'INV/2025/12/0001',	3.00,	'PLN',	'paid',	NULL,	NULL,	'2025-12-14 16:37:04',	NULL,	'2025-12-14 16:37:04',	'2025-12-14 16:37:04',	'2025-12-14 16:37:04'),
(9,	14,	2,	'INV/2025/12/0002',	3.00,	'pln',	'paid',	NULL,	NULL,	'2025-12-14 16:41:49',	NULL,	'2025-12-14 16:41:49',	'2025-12-14 16:41:49',	'2025-12-14 16:41:49'),
(10,	15,	2,	'INV/2025/12/0003',	3.00,	'pln',	'paid',	NULL,	NULL,	'2025-12-16 13:18:40',	NULL,	'2025-12-16 13:18:40',	'2025-12-16 13:18:40',	'2025-12-16 13:18:40'),
(11,	16,	2,	'INV/2026/01/0001',	3.00,	'pln',	'paid',	NULL,	NULL,	'2026-01-01 17:07:58',	NULL,	'2026-01-01 17:07:58',	'2026-01-01 17:07:58',	'2026-01-01 17:07:58'),
(12,	17,	2,	'INV/2026/01/0002',	3.00,	'pln',	'paid',	NULL,	NULL,	'2026-01-07 00:00:23',	NULL,	'2026-01-07 00:00:23',	'2026-01-07 00:00:23',	'2026-01-07 00:00:23'),
(13,	20,	2,	'INV/2026/01/0003',	3.00,	'pln',	'paid',	NULL,	NULL,	'2026-01-25 23:52:12',	NULL,	'2026-01-25 23:52:12',	'2026-01-25 23:52:12',	'2026-01-25 23:52:12');

CREATE TABLE `jobs` (
  `id` bigint(20) unsigned NOT NULL AUTO_INCREMENT,
  `queue` varchar(255) COLLATE utf8mb4_unicode_ci NOT NULL,
  `payload` longtext COLLATE utf8mb4_unicode_ci NOT NULL,
  `attempts` tinyint(3) unsigned NOT NULL,
  `reserved_at` int(10) unsigned DEFAULT NULL,
  `available_at` int(10) unsigned NOT NULL,
  `created_at` int(10) unsigned NOT NULL,
  PRIMARY KEY (`id`),
  KEY `jobs_queue_index` (`queue`)
) ENGINE=InnoDB DEFAULT CHARSET=utf8mb4 COLLATE=utf8mb4_unicode_ci;


CREATE TABLE `job_batches` (
  `id` varchar(255) COLLATE utf8mb4_unicode_ci NOT NULL,
  `name` varchar(255) COLLATE utf8mb4_unicode_ci NOT NULL,
  `total_jobs` int(11) NOT NULL,
  `pending_jobs` int(11) NOT NULL,
  `failed_jobs` int(11) NOT NULL,
  `failed_job_ids` longtext COLLATE utf8mb4_unicode_ci NOT NULL,
  `options` mediumtext COLLATE utf8mb4_unicode_ci DEFAULT NULL,
  `cancelled_at` int(11) DEFAULT NULL,
  `created_at` int(11) NOT NULL,
  `finished_at` int(11) DEFAULT NULL,
  PRIMARY KEY (`id`)
) ENGINE=InnoDB DEFAULT CHARSET=utf8mb4 COLLATE=utf8mb4_unicode_ci;


CREATE TABLE `medical_documents` (
  `id` bigint(20) unsigned NOT NULL AUTO_INCREMENT,
  `patient_id` bigint(20) unsigned NOT NULL,
  `doctor_id` bigint(20) unsigned NOT NULL,
  `title` varchar(255) COLLATE utf8mb4_unicode_ci NOT NULL,
  `type` varchar(255) COLLATE utf8mb4_unicode_ci NOT NULL DEFAULT 'general',
  `content` text COLLATE utf8mb4_unicode_ci NOT NULL,
  `notes` text COLLATE utf8mb4_unicode_ci DEFAULT NULL,
  `file_path` varchar(255) COLLATE utf8mb4_unicode_ci DEFAULT NULL,
  `file_name` varchar(255) COLLATE utf8mb4_unicode_ci DEFAULT NULL,
  `status` enum('draft','completed','archived') COLLATE utf8mb4_unicode_ci NOT NULL DEFAULT 'draft',
  `document_date` date NOT NULL DEFAULT '2025-07-26',
  `metadata` longtext CHARACTER SET utf8mb4 COLLATE utf8mb4_bin DEFAULT NULL CHECK (json_valid(`metadata`)),
  `is_private` tinyint(1) NOT NULL DEFAULT 0,
  `created_at` timestamp NULL DEFAULT NULL,
  `updated_at` timestamp NULL DEFAULT NULL,
  PRIMARY KEY (`id`),
  KEY `medical_documents_patient_id_created_at_index` (`patient_id`,`created_at`),
  KEY `medical_documents_doctor_id_created_at_index` (`doctor_id`,`created_at`),
  KEY `medical_documents_type_status_index` (`type`,`status`),
  KEY `medical_documents_document_date_index` (`document_date`),
  CONSTRAINT `medical_documents_doctor_id_foreign` FOREIGN KEY (`doctor_id`) REFERENCES `users` (`id`) ON DELETE CASCADE,
  CONSTRAINT `medical_documents_patient_id_foreign` FOREIGN KEY (`patient_id`) REFERENCES `users` (`id`) ON DELETE CASCADE
) ENGINE=InnoDB DEFAULT CHARSET=utf8mb4 COLLATE=utf8mb4_unicode_ci;

INSERT INTO `medical_documents` (`id`, `patient_id`, `doctor_id`, `title`, `type`, `content`, `notes`, `file_path`, `file_name`, `status`, `document_date`, `metadata`, `is_private`, `created_at`, `updated_at`) VALUES
(1,	2,	3,	'test',	'diagnosis',	'Za du偶o ego',	'Za du偶o ego',	NULL,	NULL,	'completed',	'2025-07-26',	'{\"symptoms\":[\"Za du\\u017co ego\\r\",\"Autyzm stopu drugiego\"],\"medications\":[\"Perfitin 200mg\"],\"recommendations\":[\"Mniej Tik Tok\\u00f3w\"]}',	0,	'2025-07-26 12:56:00',	'2025-10-20 23:46:55'),
(2,	4,	3,	'Lekarstwa',	'prescription',	'Podawanie dawki lek贸w',	'Podawanie dawki lek贸w',	'medical-documents/4/1753538642_images.jpg',	'images.jpg',	'completed',	'2025-07-26',	'{\"symptoms\":[\"Brak ch\\u0119ci \\u017cyciowych\"],\"medications\":[\"Mefedron 1g\"],\"recommendations\":[\"Ograniczy\\u0107 Elden Ring\"]}',	0,	'2025-07-26 14:04:02',	'2025-10-20 23:47:11');

CREATE TABLE `messages` (
  `id` bigint(20) unsigned NOT NULL AUTO_INCREMENT,
  `conversation_id` bigint(20) unsigned NOT NULL,
  `sender_id` bigint(20) unsigned NOT NULL,
  `message` text COLLATE utf8mb4_unicode_ci DEFAULT NULL,
  `type` enum('text','image','file','emoji') COLLATE utf8mb4_unicode_ci NOT NULL DEFAULT 'text',
  `file_path` varchar(255) COLLATE utf8mb4_unicode_ci DEFAULT NULL,
  `file_name` varchar(255) COLLATE utf8mb4_unicode_ci DEFAULT NULL,
  `file_type` varchar(255) COLLATE utf8mb4_unicode_ci DEFAULT NULL,
  `file_size` bigint(20) DEFAULT NULL,
  `metadata` longtext CHARACTER SET utf8mb4 COLLATE utf8mb4_bin DEFAULT NULL CHECK (json_valid(`metadata`)),
  `is_read` tinyint(1) NOT NULL DEFAULT 0,
  `read_at` timestamp NULL DEFAULT NULL,
  `created_at` timestamp NULL DEFAULT NULL,
  `updated_at` timestamp NULL DEFAULT NULL,
  PRIMARY KEY (`id`),
  KEY `messages_conversation_id_created_at_index` (`conversation_id`,`created_at`),
  KEY `messages_sender_id_created_at_index` (`sender_id`,`created_at`),
  KEY `messages_is_read_sender_id_index` (`is_read`,`sender_id`),
  KEY `messages_type_index` (`type`),
  CONSTRAINT `messages_conversation_id_foreign` FOREIGN KEY (`conversation_id`) REFERENCES `conversations` (`id`) ON DELETE CASCADE,
  CONSTRAINT `messages_sender_id_foreign` FOREIGN KEY (`sender_id`) REFERENCES `users` (`id`) ON DELETE CASCADE
) ENGINE=InnoDB DEFAULT CHARSET=utf8mb4 COLLATE=utf8mb4_unicode_ci;

INSERT INTO `messages` (`id`, `conversation_id`, `sender_id`, `message`, `type`, `file_path`, `file_name`, `file_type`, `file_size`, `metadata`, `is_read`, `read_at`, `created_at`, `updated_at`) VALUES
(1,	1,	3,	'',	'file',	'chat-files/message_1_1757868669_68c6f27d6ec9f.pdf',	'raport_pacjentow_2025-09-09_22-17.pdf',	'application/pdf',	12167,	NULL,	1,	'2025-09-14 16:51:53',	'2025-09-14 16:51:09',	'2025-09-14 16:51:53'),
(2,	1,	3,	'morda',	'text',	NULL,	NULL,	NULL,	NULL,	NULL,	1,	'2025-09-14 16:58:16',	'2025-09-14 16:58:14',	'2025-09-14 16:58:16'),
(3,	1,	2,	'morda',	'text',	NULL,	NULL,	NULL,	NULL,	NULL,	1,	'2025-09-14 16:58:26',	'2025-09-14 16:58:26',	'2025-09-14 16:58:26'),
(4,	1,	3,	'',	'image',	'chat-files/message_4_1757869486_68c6f5ae7e78b.png',	'dupa-card.png',	'image/png',	98499,	NULL,	1,	'2025-09-14 17:05:07',	'2025-09-14 17:04:46',	'2025-09-14 17:05:07'),
(5,	2,	3,	'',	'file',	'chat-files/message_5_1757891613_68c74c1dcf8ca.pdf',	'raport_statystyk_2025-07-28_16-32.pdf',	'application/pdf',	32685,	NULL,	1,	'2025-09-19 23:24:05',	'2025-09-14 23:13:33',	'2025-09-19 23:24:05'),
(6,	2,	3,	'',	'emoji',	NULL,	NULL,	NULL,	NULL,	NULL,	1,	'2025-09-19 23:24:05',	'2025-09-16 01:24:33',	'2025-09-19 23:24:05'),
(7,	1,	3,	'',	'emoji',	NULL,	NULL,	NULL,	NULL,	NULL,	1,	'2025-09-16 22:49:58',	'2025-09-16 01:31:24',	'2025-09-16 22:49:58'),
(8,	5,	1,	'',	'emoji',	NULL,	NULL,	NULL,	NULL,	NULL,	1,	'2025-09-30 00:27:28',	'2025-09-30 00:27:19',	'2025-09-30 00:27:28'),
(9,	5,	1,	'',	'file',	'chat-files/message_9_1759192087_68db241747b7a.pdf',	'Jakub Kokowski CV.pdf',	'application/pdf',	182376,	NULL,	1,	'2025-09-30 00:28:10',	'2025-09-30 00:28:07',	'2025-09-30 00:28:10'),
(10,	5,	1,	'ddsadas',	'text',	NULL,	NULL,	NULL,	NULL,	NULL,	1,	'2025-10-05 14:58:11',	'2025-09-30 00:28:47',	'2025-10-05 14:58:11'),
(11,	4,	1,	'dsadsa',	'text',	NULL,	NULL,	NULL,	NULL,	NULL,	0,	NULL,	'2025-09-30 19:13:24',	'2025-09-30 19:13:24'),
(12,	5,	1,	'dsa',	'text',	NULL,	NULL,	NULL,	NULL,	NULL,	1,	'2025-10-05 22:24:40',	'2025-10-05 21:45:20',	'2025-10-05 22:24:40'),
(13,	5,	1,	'dasda',	'text',	NULL,	NULL,	NULL,	NULL,	NULL,	1,	'2025-11-04 17:43:34',	'2025-10-29 11:48:42',	'2025-11-04 17:43:34'),
(14,	5,	1,	'',	'file',	'chat-files/message_14_1761739109_69020165cdf27.pdf',	'Jakub Kokowski CV.pdf',	'application/pdf',	182376,	NULL,	1,	'2025-11-04 17:43:34',	'2025-10-29 11:58:29',	'2025-11-04 17:43:34'),
(15,	5,	1,	'dsada',	'text',	NULL,	NULL,	NULL,	NULL,	NULL,	1,	'2025-11-04 17:43:34',	'2025-10-29 11:58:39',	'2025-11-04 17:43:34'),
(16,	5,	1,	'',	'emoji',	NULL,	NULL,	NULL,	NULL,	NULL,	1,	'2025-11-04 17:43:34',	'2025-10-29 12:14:52',	'2025-11-04 17:43:34'),
(17,	2,	1,	'dasdsa',	'text',	NULL,	NULL,	NULL,	NULL,	NULL,	1,	'2025-11-05 09:34:07',	'2025-11-02 09:57:52',	'2025-11-05 09:34:07'),
(18,	2,	1,	'dupa',	'text',	NULL,	NULL,	NULL,	NULL,	NULL,	1,	'2026-01-07 02:34:56',	'2026-01-02 01:32:17',	'2026-01-07 02:34:56');

CREATE TABLE `migrations` (
  `id` int(10) unsigned NOT NULL AUTO_INCREMENT,
  `migration` varchar(255) COLLATE utf8mb4_unicode_ci NOT NULL,
  `batch` int(11) NOT NULL,
  PRIMARY KEY (`id`)
) ENGINE=InnoDB DEFAULT CHARSET=utf8mb4 COLLATE=utf8mb4_unicode_ci;

INSERT INTO `migrations` (`id`, `migration`, `batch`) VALUES
(1,	'0001_01_01_000000_create_users_table',	1),
(2,	'0001_01_01_000001_create_cache_table',	1),
(3,	'0001_01_01_000002_create_jobs_table',	1),
(4,	'2025_07_17_150123_create_users_table',	2),
(5,	'2025_07_17_150210_create_appointments_table',	2),
(6,	'2025_07_17_150917_update_users_table_structure',	2),
(7,	'2025_07_17_152101_add_rehamed_columns_to_users_table',	2),
(8,	'2025_07_20_091943_add_avatar_to_users_table',	3),
(9,	'2025_07_23_101830_create_appointments_table',	4),
(10,	'2025_07_23_134230_fix_appointments_table_columns',	5),
(11,	'2025_07_23_134238_create_appointments_table_complete',	5),
(12,	'2025_07_23_134247_update_users_table_structure',	5),
(13,	'2025_07_23_135632_2024_01_01_000002_create_appointments_table',	6),
(14,	'2025_07_24_131023_2024_01_25_create_medical_documents_table',	7),
(15,	'2025_07_26_121810_create_medical_documents_table',	8),
(16,	'2025_07_31_165545_add_preferences_to_users_table',	9),
(17,	'2025_09_12_013845_2024_01_01_000000_create_appointments_table',	10),
(18,	'2025_09_13_222116_2024_12_17_000001_create_conversations_table',	11),
(19,	'2025_09_13_222210_2024_12_17_000002_create_messages_table',	11),
(20,	'2025_09_13_224908_xxxx_xx_xx_xxxxxx_create_conversations_table',	12),
(21,	'2025_09_13_224956_xxxx_xx_xx_xxxxxx_create_messages_table',	12),
(22,	'2025_09_14_153721_add_file_support_to_messages_table',	13),
(23,	'2025_09_14_164713_conversation',	14),
(24,	'2025_09_14_164724_messages',	14),
(25,	'2025_09_18_133422_2024_01_01_000000_create_notifications_table',	15),
(26,	'2025_09_19_231126_delete',	15),
(27,	'2025_09_19_232106_remove_email_verified_at_from_users_table',	16),
(28,	'2025_09_21_214049_2024_01_15_000000_create_notifications_table',	17),
(29,	'2025_09_21_234340_2024_01_15_000000_create_notifications_table',	18),
(30,	'2025_09_23_231817_2024_01_15_000000_create_notifications_table',	19),
(32,	'2025_11_04_100815_add_email_verified_at_to_users_table',	20),
(33,	'2025_11_13_090621_create_payments_table',	21),
(34,	'2025_11_13_090717_create_invoices_table',	21),
(35,	'2025_11_13_103553_add_price_to_appointments_table',	22),
(36,	'2025_12_14_000001_create_doctor_schedules_table',	23),
(38,	'2025_12_14_134012_fix_appointments_timezone',	24),
(39,	'2025_12_14_160000_make_doctor_schedule_times_nullable',	24),
(40,	'2025_12_20_002912_add_patient_and_doctor_names_to_appointments_table',	25),
(41,	'2025_12_20_003909_make_name_nullable_in_users_table',	25),
(42,	'2025_12_20_023113_add_reservation_fields_to_appointments_table',	25),
(43,	'2025_12_20_023122_create_blocked_slots_table',	25),
(44,	'2025_12_20_023123_create_slot_availability_table',	25),
(45,	'2026_01_23_000001_create_clinic_hours_table',	26),
(46,	'2026_01_25_000001_make_doctor_id_nullable_in_appointments',	27);

CREATE TABLE `notifications` (
  `id` bigint(20) unsigned NOT NULL AUTO_INCREMENT,
  `user_id` bigint(20) unsigned NOT NULL,
  `type` varchar(255) COLLATE utf8mb4_unicode_ci NOT NULL,
  `title` varchar(255) COLLATE utf8mb4_unicode_ci NOT NULL,
  `message` text COLLATE utf8mb4_unicode_ci NOT NULL,
  `data` longtext CHARACTER SET utf8mb4 COLLATE utf8mb4_bin DEFAULT NULL CHECK (json_valid(`data`)),
  `is_read` tinyint(1) NOT NULL DEFAULT 0,
  `read_at` timestamp NULL DEFAULT NULL,
  `related_id` bigint(20) unsigned DEFAULT NULL,
  `related_type` varchar(255) COLLATE utf8mb4_unicode_ci DEFAULT NULL,
  `icon` varchar(255) COLLATE utf8mb4_unicode_ci DEFAULT NULL,
  `action_url` varchar(255) COLLATE utf8mb4_unicode_ci DEFAULT NULL,
  `created_at` timestamp NULL DEFAULT NULL,
  `updated_at` timestamp NULL DEFAULT NULL,
  PRIMARY KEY (`id`),
  KEY `notifications_user_id_is_read_index` (`user_id`,`is_read`),
  KEY `notifications_user_id_type_index` (`user_id`,`type`),
  KEY `notifications_related_id_related_type_index` (`related_id`,`related_type`),
  KEY `notifications_created_at_index` (`created_at`),
  CONSTRAINT `notifications_user_id_foreign` FOREIGN KEY (`user_id`) REFERENCES `users` (`id`) ON DELETE CASCADE
) ENGINE=InnoDB DEFAULT CHARSET=utf8mb4 COLLATE=utf8mb4_unicode_ci;

INSERT INTO `notifications` (`id`, `user_id`, `type`, `title`, `message`, `data`, `is_read`, `read_at`, `related_id`, `related_type`, `icon`, `action_url`, `created_at`, `updated_at`) VALUES
(109,	10,	'system',	'Witaj w naszej klinice!',	'Mo偶esz przeglda swoje wizyty, dokumentacj medyczn i komunikowa si z fizjoterapeutami. 呕yczymy szybkiego powrotu do zdrowia!',	'{\"priority\":\"normal\",\"category\":\"welcome\"}',	0,	NULL,	NULL,	NULL,	NULL,	NULL,	'2025-11-04 10:13:11',	'2025-11-04 10:13:11'),
(110,	10,	'system',	'Przydatne informacje',	'Zapoznaj si z naszymi zasadami: punktualno na wizyty, anulowanie minimum 24h wczeniej, regularne wykonywanie wicze.',	'{\"priority\":\"low\",\"category\":\"tips\"}',	0,	NULL,	NULL,	NULL,	NULL,	NULL,	'2025-11-04 10:13:11',	'2025-11-04 10:13:11'),
(123,	4,	'appointment_updated',	'Zmiana wizyty',	'Wizyta reh - Natan Zawadzki zostaa zaktualizowana na 08.11.2025 14:30',	'{\"appointment_id\":8}',	0,	NULL,	8,	'App\\Models\\Appointment',	NULL,	NULL,	'2025-11-06 22:42:23',	'2025-11-06 22:42:23'),
(124,	4,	'appointment_updated',	'Zmiana wizyty',	'Wizyta reh - Natan Zawadzki zostaa zaktualizowana na 15.11.2025 15:30',	'{\"appointment_id\":8}',	0,	NULL,	8,	'App\\Models\\Appointment',	NULL,	NULL,	'2025-11-08 01:13:29',	'2025-11-08 01:13:29'),
(126,	4,	'appointment_updated',	'Zmiana wizyty',	'Wizyta reh - Natan Zawadzki zostaa zaktualizowana na 15.11.2025 17:30',	'{\"appointment_id\":8}',	0,	NULL,	8,	'App\\Models\\Appointment',	NULL,	NULL,	'2025-11-08 20:46:11',	'2025-11-08 20:46:11'),
(127,	4,	'appointment_cancelled',	'Anulowanie wizyty',	'Wizyta reh - Natan Zawadzki zaplanowana na 15.11.2025 17:30 zostaa anulowana.',	'{\"appointment_id\":8,\"reason\":null}',	0,	NULL,	8,	'App\\Models\\Appointment',	NULL,	NULL,	'2025-11-08 20:46:43',	'2025-11-08 20:46:43'),
(128,	4,	'appointment_updated',	'Zmiana wizyty',	'Wizyta dupa - Natan Zawadzki (Dr Kuba Kokowski) - Natan Zawadzki (Dr Kuba Kokowski) zostaa zaktualizowana na 09.11.2025 14:00',	'{\"appointment_id\":6}',	0,	NULL,	6,	'App\\Models\\Appointment',	NULL,	NULL,	'2025-11-08 20:50:44',	'2025-11-08 20:50:44'),
(129,	4,	'appointment_updated',	'Zmiana wizyty',	'Wizyta dupa - Natan Zawadzki (Dr Kuba Kokowski) - Natan Zawadzki (Dr Kuba Kokowski) zostaa zaktualizowana na 11.11.2025 15:00',	'{\"appointment_id\":6}',	0,	NULL,	6,	'App\\Models\\Appointment',	NULL,	NULL,	'2025-11-08 20:50:47',	'2025-11-08 20:50:47'),
(130,	4,	'appointment_updated',	'Zmiana wizyty',	'Wizyta dupa - Natan Zawadzki (Dr Kuba Kokowski) - Natan Zawadzki (Dr Kuba Kokowski) - Natan Zawadzki zostaa zaktualizowana na 11.11.2025 16:00',	'{\"appointment_id\":6}',	0,	NULL,	6,	'App\\Models\\Appointment',	NULL,	NULL,	'2025-11-08 20:53:38',	'2025-11-08 20:53:38'),
(131,	4,	'appointment_updated',	'Zmiana wizyty',	'Wizyta dupa - Natan Zawadzki (Dr Kuba Kokowski) - Natan Zawadzki (Dr Kuba Kokowski) - Natan Zawadzki zostaa zaktualizowana na 11.11.2025 16:00',	'{\"appointment_id\":6}',	0,	NULL,	6,	'App\\Models\\Appointment',	NULL,	NULL,	'2025-11-08 20:54:07',	'2025-11-08 20:54:07'),
(132,	4,	'appointment_cancelled',	'Anulowanie wizyty',	'Wizyta dupa - Natan Zawadzki (Dr Kuba Kokowski) - Natan Zawadzki (Dr Kuba Kokowski) - Natan Zawadzki zaplanowana na 11.11.2025 16:00 zostaa anulowana.',	'{\"appointment_id\":6,\"reason\":null}',	0,	NULL,	6,	'App\\Models\\Appointment',	NULL,	NULL,	'2025-11-08 20:54:13',	'2025-11-08 20:54:13'),
(133,	2,	'appointment_created',	'Nowa wizyta',	'Um贸wiono Ci na wizyt: test w dniu 09.11.2025 08:00',	'{\"appointment_id\":9}',	0,	NULL,	9,	'App\\Models\\Appointment',	NULL,	NULL,	'2025-11-08 20:54:40',	'2025-11-08 20:54:40'),
(134,	3,	'appointment_created',	'Nowa wizyta w kalendarzu',	'Dodano now wizyt: test w dniu 09.11.2025 08:00',	'{\"appointment_id\":9}',	1,	'2025-11-08 20:54:53',	9,	'App\\Models\\Appointment',	NULL,	NULL,	'2025-11-08 20:54:40',	'2025-11-08 20:54:53'),
(135,	2,	'appointment_updated',	'Zmiana wizyty',	'Wizyta test zostaa zaktualizowana na 09.11.2025 13:30',	'{\"appointment_id\":9}',	0,	NULL,	9,	'App\\Models\\Appointment',	NULL,	NULL,	'2025-11-08 20:54:48',	'2025-11-08 20:54:48'),
(136,	2,	'appointment_updated',	'Zmiana wizyty',	'Wizyta test - Damian Duda zostaa zaktualizowana na 09.11.2025 14:30',	'{\"appointment_id\":9}',	0,	NULL,	9,	'App\\Models\\Appointment',	NULL,	NULL,	'2025-11-08 20:55:10',	'2025-11-08 20:55:10'),
(137,	2,	'appointment_updated',	'Zmiana wizyty',	'Wizyta test - Damian Duda - Damian Duda zostaa zaktualizowana na 09.11.2025 15:30',	'{\"appointment_id\":9}',	0,	NULL,	9,	'App\\Models\\Appointment',	NULL,	NULL,	'2025-11-08 20:55:15',	'2025-11-08 20:55:15'),
(138,	2,	'appointment_updated',	'Zmiana wizyty',	'Wizyta test - Damian Duda - Damian Duda zostaa zaktualizowana na 09.11.2025 16:00',	'{\"appointment_id\":9}',	0,	NULL,	9,	'App\\Models\\Appointment',	NULL,	NULL,	'2025-11-08 20:55:17',	'2025-11-08 20:55:17'),
(139,	2,	'appointment_updated',	'Zmiana wizyty',	'Wizyta test - Damian Duda - Damian Duda zostaa zaktualizowana na 09.11.2025 15:30',	'{\"appointment_id\":9}',	0,	NULL,	9,	'App\\Models\\Appointment',	NULL,	NULL,	'2025-11-08 20:55:18',	'2025-11-08 20:55:18'),
(140,	2,	'appointment_updated',	'Zmiana wizyty',	'Wizyta test - Damian Duda - Damian Duda - Damian Duda zostaa zaktualizowana na 09.11.2025 18:30',	'{\"appointment_id\":9}',	0,	NULL,	9,	'App\\Models\\Appointment',	NULL,	NULL,	'2025-11-08 20:55:38',	'2025-11-08 20:55:38'),
(141,	2,	'appointment_updated',	'Zmiana wizyty',	'Wizyta test - Damian Duda - Damian Duda - Damian Duda zostaa zaktualizowana na 09.11.2025 14:30',	'{\"appointment_id\":9}',	0,	NULL,	9,	'App\\Models\\Appointment',	NULL,	NULL,	'2025-11-08 20:55:41',	'2025-11-08 20:55:41'),
(142,	2,	'appointment_updated',	'Zmiana wizyty',	'Wizyta test - Damian Duda - Damian Duda - Damian Duda - Damian Duda zostaa zaktualizowana na 09.11.2025 17:30',	'{\"appointment_id\":9}',	0,	NULL,	9,	'App\\Models\\Appointment',	NULL,	NULL,	'2025-11-08 20:55:56',	'2025-11-08 20:55:56'),
(143,	2,	'appointment_updated',	'Zmiana wizyty',	'Wizyta test - Damian Duda - Damian Duda - Damian Duda - Damian Duda zostaa zaktualizowana na 09.11.2025 14:00',	'{\"appointment_id\":9}',	0,	NULL,	9,	'App\\Models\\Appointment',	NULL,	NULL,	'2025-11-08 20:56:01',	'2025-11-08 20:56:01'),
(144,	2,	'appointment_updated',	'Zmiana wizyty',	'Wizyta test - Damian Duda - Damian Duda - Damian Duda - Damian Duda - Damian Duda zostaa zaktualizowana na 09.11.2025 16:00',	'{\"appointment_id\":9}',	0,	NULL,	9,	'App\\Models\\Appointment',	NULL,	NULL,	'2025-11-08 21:08:35',	'2025-11-08 21:08:35'),
(145,	2,	'appointment_updated',	'Zmiana wizyty',	'Wizyta test - Damian Duda - Damian Duda - Damian Duda - Damian Duda - Damian Duda zostaa zaktualizowana na 09.11.2025 16:00',	'{\"appointment_id\":9}',	0,	NULL,	9,	'App\\Models\\Appointment',	NULL,	NULL,	'2025-11-08 21:08:45',	'2025-11-08 21:08:45'),
(146,	2,	'appointment_updated',	'Zmiana wizyty',	'Wizyta test - Damian Duda - Damian Duda - Damian Duda - Damian Duda - Damian Duda zostaa zaktualizowana na 09.11.2025 14:00',	'{\"appointment_id\":9}',	0,	NULL,	9,	'App\\Models\\Appointment',	NULL,	NULL,	'2025-11-08 21:08:47',	'2025-11-08 21:08:47'),
(147,	2,	'appointment_updated',	'Zmiana wizyty',	'Wizyta test - Damian Duda - Damian Duda - Damian Duda - Damian Duda - Damian Duda zostaa zaktualizowana na 09.11.2025 13:00',	'{\"appointment_id\":9}',	0,	NULL,	9,	'App\\Models\\Appointment',	NULL,	NULL,	'2025-11-08 21:09:10',	'2025-11-08 21:09:10'),
(148,	2,	'appointment_updated',	'Zmiana wizyty',	'Wizyta test - Damian Duda - Damian Duda - Damian Duda - Damian Duda - Damian Duda zostaa zaktualizowana na 09.11.2025 11:30',	'{\"appointment_id\":9}',	0,	NULL,	9,	'App\\Models\\Appointment',	NULL,	NULL,	'2025-11-08 21:09:18',	'2025-11-08 21:09:18'),
(149,	2,	'appointment_updated',	'Zmiana wizyty',	'Wizyta test - Damian Duda - Damian Duda - Damian Duda - Damian Duda - Damian Duda zostaa zaktualizowana na 11.11.2025 11:30',	'{\"appointment_id\":9}',	0,	NULL,	9,	'App\\Models\\Appointment',	NULL,	NULL,	'2025-11-10 19:01:15',	'2025-11-10 19:01:15'),
(150,	3,	'appointment_updated',	'Wizyta zostaa zmieniona',	'Wizyta test - Damian Duda - Damian Duda - Damian Duda - Damian Duda - Damian Duda zostaa zaktualizowana na 11.11.2025 11:30',	'{\"appointment_id\":9}',	0,	NULL,	9,	'App\\Models\\Appointment',	NULL,	NULL,	'2025-11-10 19:01:15',	'2025-11-10 19:01:15'),
(151,	2,	'appointment_updated',	'Zmiana wizyty',	'Wizyta test - Damian Duda - Damian Duda - Damian Duda - Damian Duda - Damian Duda zostaa zaktualizowana na 11.11.2025 13:00',	'{\"appointment_id\":9}',	1,	'2025-11-13 10:34:09',	9,	'App\\Models\\Appointment',	NULL,	NULL,	'2025-11-12 15:35:16',	'2025-11-13 10:34:09'),
(152,	3,	'appointment_updated',	'Wizyta zostaa zmieniona',	'Wizyta test - Damian Duda - Damian Duda - Damian Duda - Damian Duda - Damian Duda zostaa zaktualizowana na 11.11.2025 13:00',	'{\"appointment_id\":9}',	1,	'2025-11-13 12:47:18',	9,	'App\\Models\\Appointment',	NULL,	NULL,	'2025-11-12 15:35:16',	'2025-11-13 12:47:18'),
(153,	2,	'appointment_updated',	'Zmiana wizyty',	'Wizyta test - Damian Duda - Damian Duda - Damian Duda - Damian Duda - Damian Duda zostaa zaktualizowana na 11.11.2025 14:00',	'{\"appointment_id\":9}',	1,	'2025-11-13 10:34:03',	9,	'App\\Models\\Appointment',	NULL,	NULL,	'2025-11-12 15:35:18',	'2025-11-13 10:34:03'),
(154,	3,	'appointment_updated',	'Wizyta zostaa zmieniona',	'Wizyta test - Damian Duda - Damian Duda - Damian Duda - Damian Duda - Damian Duda zostaa zaktualizowana na 11.11.2025 14:00',	'{\"appointment_id\":9}',	1,	'2025-11-13 10:34:57',	9,	'App\\Models\\Appointment',	NULL,	NULL,	'2025-11-12 15:35:18',	'2025-11-13 10:34:57'),
(155,	2,	'appointment_updated',	'Zmiana wizyty',	'Wizyta test - Damian Duda - Damian Duda - Damian Duda - Damian Duda - Damian Duda zostaa zaktualizowana na 11.11.2025 13:30',	'{\"appointment_id\":9}',	1,	'2025-11-13 10:38:18',	9,	'App\\Models\\Appointment',	NULL,	NULL,	'2025-11-13 10:36:44',	'2025-11-13 10:38:18'),
(156,	2,	'appointment_updated',	'Zmiana wizyty',	'Wizyta test zostaa zaktualizowana na 14.11.2025 13:30',	'{\"appointment_id\":9}',	0,	NULL,	9,	'App\\Models\\Appointment',	NULL,	NULL,	'2025-11-13 12:37:26',	'2025-11-13 12:37:26'),
(157,	2,	'appointment_updated',	'Zmiana wizyty',	'Wizyta test - Damian Duda zostaa zaktualizowana na 14.11.2025 13:30',	'{\"appointment_id\":9}',	0,	NULL,	9,	'App\\Models\\Appointment',	NULL,	NULL,	'2025-11-13 12:43:04',	'2025-11-13 12:43:04'),
(158,	2,	'appointment_updated',	'Zmiana wizyty',	'Wizyta test - Damian Duda - Damian Duda zostaa zaktualizowana na 14.11.2025 13:30',	'{\"appointment_id\":9}',	0,	NULL,	9,	'App\\Models\\Appointment',	NULL,	NULL,	'2025-11-13 12:43:29',	'2025-11-13 12:43:29'),
(159,	2,	'appointment_updated',	'Zmiana wizyty',	'Wizyta test - Damian Duda - Damian Duda - Damian Duda zostaa zaktualizowana na 14.11.2025 13:30',	'{\"appointment_id\":9}',	0,	NULL,	9,	'App\\Models\\Appointment',	NULL,	NULL,	'2025-11-13 12:46:52',	'2025-11-13 12:46:52'),
(160,	2,	'appointment_updated',	'Zmiana wizyty',	'Wizyta test - Damian Duda - Damian Duda - Damian Duda - Damian Duda zostaa zaktualizowana na 14.11.2025 13:30',	'{\"appointment_id\":9}',	1,	'2025-11-14 23:19:48',	9,	'App\\Models\\Appointment',	NULL,	NULL,	'2025-11-13 12:53:40',	'2025-11-14 23:19:48'),
(161,	2,	'appointment_updated',	'Zmiana wizyty',	'Wizyta test - Damian Duda - Damian Duda - Damian Duda - Damian Duda - Damian Duda zostaa zaktualizowana na 14.11.2025 13:30',	'{\"appointment_id\":9}',	1,	'2025-11-14 23:21:23',	9,	'App\\Models\\Appointment',	NULL,	NULL,	'2025-11-14 23:20:41',	'2025-11-14 23:21:23'),
(162,	2,	'appointment_updated',	'Zmiana wizyty',	'Wizyta test - Damian Duda - Damian Duda - Damian Duda - Damian Duda - Damian Duda zostaa zaktualizowana na 16.11.2025 15:30',	'{\"appointment_id\":9}',	1,	'2025-11-14 23:34:09',	9,	'App\\Models\\Appointment',	NULL,	NULL,	'2025-11-14 23:33:33',	'2025-11-14 23:34:09'),
(163,	2,	'payment_completed',	'Patno zrealizowana',	'Patno za wizyt \"test - Damian Duda - Damian Duda - Damian Duda - Damian Duda - Damian Duda\" zostaa zrealizowana pomylnie.',	NULL,	1,	'2025-11-17 01:45:33',	NULL,	NULL,	'credit-card',	'http://127.0.0.1:8000/payments/1',	'2025-11-14 23:42:47',	'2025-11-17 01:45:33'),
(164,	3,	'payment_received',	'Otrzymano patno',	'Pacjent Damian Duda opaci wizyt.',	NULL,	1,	'2025-11-17 01:46:37',	NULL,	NULL,	'credit-card',	'http://127.0.0.1:8000/payments/1',	'2025-11-14 23:42:47',	'2025-11-17 01:46:37'),
(165,	2,	'appointment_updated',	'Zmiana wizyty',	'Wizyta test - Damian Duda - Damian Duda - Damian Duda - Damian Duda - Damian Duda zostaa zaktualizowana na 19.11.2025 15:30',	'{\"appointment_id\":9}',	0,	NULL,	9,	'App\\Models\\Appointment',	NULL,	NULL,	'2025-11-17 01:44:38',	'2025-11-17 01:44:38'),
(166,	4,	'appointment_created',	'Nowa wizyta',	'Um贸wiono Ci na wizyt: Fizjo w dniu 18.11.2025 13:00',	'{\"appointment_id\":10}',	1,	'2025-11-17 01:47:58',	10,	'App\\Models\\Appointment',	NULL,	NULL,	'2025-11-17 01:47:17',	'2025-11-17 01:47:58'),
(167,	3,	'appointment_created',	'Nowa wizyta w kalendarzu',	'Dodano now wizyt: Fizjo w dniu 18.11.2025 13:00',	'{\"appointment_id\":10}',	0,	NULL,	10,	'App\\Models\\Appointment',	NULL,	NULL,	'2025-11-17 01:47:17',	'2025-11-17 01:47:17'),
(168,	4,	'payment_completed',	'Patno zrealizowana',	'Patno za wizyt \"Fizjo\" zostaa zrealizowana pomylnie.',	NULL,	1,	'2025-11-17 01:49:19',	NULL,	NULL,	'credit-card',	'http://127.0.0.1:8000/payments/2',	'2025-11-17 01:48:38',	'2025-11-17 01:49:19'),
(169,	3,	'payment_received',	'Otrzymano patno',	'Pacjent Natan Zawadzki opaci wizyt.',	NULL,	0,	NULL,	NULL,	NULL,	'credit-card',	'http://127.0.0.1:8000/payments/2',	'2025-11-17 01:48:38',	'2025-11-17 01:48:38'),
(170,	4,	'appointment_updated',	'Zmiana wizyty',	'Wizyta Fizjo zostaa zaktualizowana na 18.11.2025 14:00',	'{\"appointment_id\":10}',	0,	NULL,	10,	'App\\Models\\Appointment',	NULL,	NULL,	'2025-11-17 02:53:30',	'2025-11-17 02:53:30'),
(171,	3,	'appointment_updated',	'Wizyta zostaa zmieniona',	'Wizyta Fizjo zostaa zaktualizowana na 18.11.2025 14:00',	'{\"appointment_id\":10}',	0,	NULL,	10,	'App\\Models\\Appointment',	NULL,	NULL,	'2025-11-17 02:53:30',	'2025-11-17 02:53:30'),
(172,	4,	'appointment_updated',	'Zmiana wizyty',	'Wizyta Fizjo zostaa zaktualizowana na 18.11.2025 14:00',	'{\"appointment_id\":10}',	0,	NULL,	10,	'App\\Models\\Appointment',	NULL,	NULL,	'2025-11-17 02:53:34',	'2025-11-17 02:53:34'),
(173,	3,	'appointment_updated',	'Wizyta zostaa zmieniona',	'Wizyta Fizjo zostaa zaktualizowana na 18.11.2025 14:00',	'{\"appointment_id\":10}',	0,	NULL,	10,	'App\\Models\\Appointment',	NULL,	NULL,	'2025-11-17 02:53:34',	'2025-11-17 02:53:34'),
(174,	2,	'appointment_updated',	'Zmiana wizyty',	'Wizyta test - Damian Duda - Damian Duda - Damian Duda - Damian Duda - Damian Duda zostaa zaktualizowana na 20.11.2025 11:00',	'{\"appointment_id\":9}',	0,	NULL,	9,	'App\\Models\\Appointment',	NULL,	NULL,	'2025-11-17 02:53:39',	'2025-11-17 02:53:39'),
(175,	3,	'appointment_updated',	'Wizyta zostaa zmieniona',	'Wizyta test - Damian Duda - Damian Duda - Damian Duda - Damian Duda - Damian Duda zostaa zaktualizowana na 20.11.2025 11:00',	'{\"appointment_id\":9}',	0,	NULL,	9,	'App\\Models\\Appointment',	NULL,	NULL,	'2025-11-17 02:53:39',	'2025-11-17 02:53:39'),
(176,	2,	'appointment_updated',	'Zmiana wizyty',	'Wizyta test - Damian Duda - Damian Duda - Damian Duda - Damian Duda - Damian Duda zostaa zaktualizowana na 20.11.2025 11:00',	'{\"appointment_id\":9}',	0,	NULL,	9,	'App\\Models\\Appointment',	NULL,	NULL,	'2025-11-17 02:53:47',	'2025-11-17 02:53:47'),
(177,	3,	'appointment_updated',	'Wizyta zostaa zmieniona',	'Wizyta test - Damian Duda - Damian Duda - Damian Duda - Damian Duda - Damian Duda zostaa zaktualizowana na 20.11.2025 11:00',	'{\"appointment_id\":9}',	0,	NULL,	9,	'App\\Models\\Appointment',	NULL,	NULL,	'2025-11-17 02:53:47',	'2025-11-17 02:53:47'),
(178,	2,	'appointment_updated',	'Zmiana wizyty',	'Wizyta test - Damian Duda - Damian Duda - Damian Duda - Damian Duda - Damian Duda zostaa zaktualizowana na 20.11.2025 12:00',	'{\"appointment_id\":9}',	0,	NULL,	9,	'App\\Models\\Appointment',	NULL,	NULL,	'2025-11-17 03:01:08',	'2025-11-17 03:01:08'),
(179,	2,	'appointment_updated',	'Zmiana wizyty',	'Wizyta test - Damian Duda - Damian Duda - Damian Duda - Damian Duda - Damian Duda zostaa zaktualizowana na 20.11.2025 09:00',	'{\"appointment_id\":9}',	0,	NULL,	9,	'App\\Models\\Appointment',	NULL,	NULL,	'2025-11-17 03:20:21',	'2025-11-17 03:20:21'),
(180,	2,	'appointment_updated',	'Zmiana wizyty',	'Wizyta test - Damian Duda - Damian Duda - Damian Duda - Damian Duda - Damian Duda - Damian Duda zostaa zaktualizowana na 20.11.2025 08:00',	'{\"appointment_id\":9}',	0,	NULL,	9,	'App\\Models\\Appointment',	NULL,	NULL,	'2025-11-17 03:20:59',	'2025-11-17 03:20:59'),
(181,	2,	'appointment_updated',	'Zmiana wizyty',	'Wizyta test - Damian Duda - Damian Duda - Damian Duda - Damian Duda - Damian Duda - Damian Duda zostaa zaktualizowana na 20.11.2025 10:00',	'{\"appointment_id\":9}',	0,	NULL,	9,	'App\\Models\\Appointment',	NULL,	NULL,	'2025-11-17 04:24:37',	'2025-11-17 04:24:37'),
(182,	4,	'appointment_updated',	'Zmiana wizyty',	'Wizyta Fizjo zostaa zaktualizowana na 18.11.2025 11:30',	'{\"appointment_id\":10}',	0,	NULL,	10,	'App\\Models\\Appointment',	NULL,	NULL,	'2025-11-17 04:24:47',	'2025-11-17 04:24:47'),
(183,	2,	'appointment_updated',	'Zmiana wizyty',	'Wizyta test - Damian Duda - Damian Duda - Damian Duda - Damian Duda - Damian Duda - Damian Duda zostaa zaktualizowana na 20.11.2025 11:00',	'{\"appointment_id\":9}',	0,	NULL,	9,	'App\\Models\\Appointment',	NULL,	NULL,	'2025-11-17 04:24:51',	'2025-11-17 04:24:51'),
(184,	4,	'appointment_updated',	'Zmiana wizyty',	'Wizyta Fizjo zostaa zaktualizowana na 18.11.2025 11:30',	'{\"appointment_id\":10}',	0,	NULL,	10,	'App\\Models\\Appointment',	NULL,	NULL,	'2025-11-17 04:26:38',	'2025-11-17 04:26:38'),
(185,	2,	'appointment_updated',	'Zmiana wizyty',	'Wizyta test - Damian Duda - Damian Duda - Damian Duda - Damian Duda - Damian Duda - Damian Duda zostaa zaktualizowana na 20.11.2025 12:00',	'{\"appointment_id\":9}',	0,	NULL,	9,	'App\\Models\\Appointment',	NULL,	NULL,	'2025-11-17 04:26:40',	'2025-11-17 04:26:40'),
(186,	4,	'appointment_updated',	'Zmiana wizyty',	'Wizyta Fizjo zostaa zaktualizowana na 18.11.2025 13:00',	'{\"appointment_id\":10}',	0,	NULL,	10,	'App\\Models\\Appointment',	NULL,	NULL,	'2025-11-17 04:26:58',	'2025-11-17 04:26:58'),
(187,	2,	'appointment_updated',	'Zmiana wizyty',	'Wizyta test - Damian Duda - Damian Duda - Damian Duda - Damian Duda - Damian Duda - Damian Duda zostaa zaktualizowana na 20.11.2025 10:00',	'{\"appointment_id\":9}',	0,	NULL,	9,	'App\\Models\\Appointment',	NULL,	NULL,	'2025-11-17 04:27:01',	'2025-11-17 04:27:01'),
(188,	2,	'appointment_created',	'Nowa wizyta',	'Um贸wiono Ci na wizyt: SASA w dniu 21.11.2025 07:00',	'{\"appointment_id\":11}',	0,	NULL,	11,	'App\\Models\\Appointment',	NULL,	NULL,	'2025-11-17 04:28:01',	'2025-11-17 04:28:01'),
(189,	3,	'appointment_created',	'Nowa wizyta w kalendarzu',	'Dodano now wizyt: SASA w dniu 21.11.2025 07:00',	'{\"appointment_id\":11}',	0,	NULL,	11,	'App\\Models\\Appointment',	NULL,	NULL,	'2025-11-17 04:28:01',	'2025-11-17 04:28:01'),
(190,	2,	'appointment_updated',	'Zmiana wizyty',	'Wizyta SASA zostaa zaktualizowana na 22.11.2025 06:00',	'{\"appointment_id\":11}',	0,	NULL,	11,	'App\\Models\\Appointment',	NULL,	NULL,	'2025-11-17 04:28:33',	'2025-11-17 04:28:33'),
(191,	2,	'appointment_updated',	'Zmiana wizyty',	'Wizyta SASA zostaa zaktualizowana na 24.11.2025 06:00',	'{\"appointment_id\":11}',	0,	NULL,	11,	'App\\Models\\Appointment',	NULL,	NULL,	'2025-11-17 04:28:40',	'2025-11-17 04:28:40'),
(192,	2,	'appointment_created',	'Nowa wizyta',	'Um贸wiono Ci na wizyt: dadda w dniu 20.11.2025 07:00',	'{\"appointment_id\":12}',	0,	NULL,	12,	'App\\Models\\Appointment',	NULL,	NULL,	'2025-11-18 00:52:55',	'2025-11-18 00:52:55'),
(193,	3,	'appointment_created',	'Nowa wizyta w kalendarzu',	'Dodano now wizyt: dadda w dniu 20.11.2025 07:00',	'{\"appointment_id\":12}',	0,	NULL,	12,	'App\\Models\\Appointment',	NULL,	NULL,	'2025-11-18 00:52:55',	'2025-11-18 00:52:55'),
(194,	2,	'payment_completed',	'Patno zrealizowana',	'Patno za wizyt \"SASA\" zostaa zrealizowana pomylnie.',	NULL,	0,	NULL,	NULL,	NULL,	'credit-card',	'http://127.0.0.1:8000/payments/3',	'2025-11-18 02:05:03',	'2025-11-18 02:05:03'),
(195,	3,	'payment_received',	'Otrzymano patno',	'Pacjent Damian Duda opaci wizyt.',	NULL,	0,	NULL,	NULL,	NULL,	'credit-card',	'http://127.0.0.1:8000/payments/3',	'2025-11-18 02:05:03',	'2025-11-18 02:05:03'),
(196,	2,	'appointment_updated',	'Zmiana wizyty',	'Wizyta test zostaa zaktualizowana na 20.11.2025 09:00',	'{\"appointment_id\":9}',	0,	NULL,	9,	'App\\Models\\Appointment',	NULL,	NULL,	'2025-11-18 02:49:46',	'2025-11-18 02:49:46'),
(197,	6,	'appointment_created',	'Nowa wizyta',	'Um贸wiono Ci na wizyt: kolejny w dniu 24.11.2025 07:00',	'{\"appointment_id\":13}',	0,	NULL,	13,	'App\\Models\\Appointment',	NULL,	NULL,	'2025-11-18 03:43:14',	'2025-11-18 03:43:14'),
(198,	3,	'appointment_created',	'Nowa wizyta w kalendarzu',	'Dodano now wizyt: kolejny w dniu 24.11.2025 07:00',	'{\"appointment_id\":13}',	0,	NULL,	13,	'App\\Models\\Appointment',	NULL,	NULL,	'2025-11-18 03:43:14',	'2025-11-18 03:43:14'),
(199,	6,	'appointment_updated',	'Zmiana wizyty',	'Wizyta kolejny zostaa zaktualizowana na 26.11.2025 08:00',	'{\"appointment_id\":13}',	0,	NULL,	13,	'App\\Models\\Appointment',	NULL,	NULL,	'2025-11-18 03:43:21',	'2025-11-18 03:43:21'),
(200,	2,	'appointment_updated',	'Zmiana wizyty',	'Wizyta test zostaa zaktualizowana na 20.11.2025 10:00',	'{\"appointment_id\":9}',	0,	NULL,	9,	'App\\Models\\Appointment',	NULL,	NULL,	'2025-11-20 01:57:06',	'2025-11-20 01:57:06'),
(201,	3,	'appointment_updated',	'Wizyta zostaa zmieniona',	'Wizyta test zostaa zaktualizowana na 20.11.2025 10:00',	'{\"appointment_id\":9}',	0,	NULL,	9,	'App\\Models\\Appointment',	NULL,	NULL,	'2025-11-20 01:57:06',	'2025-11-20 01:57:06'),
(202,	6,	'appointment_cancelled',	'Anulowanie wizyty',	'Wizyta kolejny zaplanowana na 26.11.2025 08:00 zostaa anulowana.',	'{\"appointment_id\":13,\"reason\":null}',	0,	NULL,	13,	'App\\Models\\Appointment',	NULL,	NULL,	'2025-11-20 02:13:12',	'2025-11-20 02:13:12'),
(203,	3,	'appointment_cancelled',	'Anulowanie wizyty',	'Wizyta kolejny zaplanowana na 26.11.2025 08:00 zostaa anulowana.',	'{\"appointment_id\":13,\"reason\":null}',	0,	NULL,	13,	'App\\Models\\Appointment',	NULL,	NULL,	'2025-11-20 02:13:12',	'2025-11-20 02:13:12'),
(204,	2,	'appointment_cancelled',	'Anulowanie wizyty',	'Wizyta test zaplanowana na 20.11.2025 10:00 zostaa anulowana.',	'{\"appointment_id\":9,\"reason\":null}',	0,	NULL,	9,	'App\\Models\\Appointment',	NULL,	NULL,	'2025-11-20 02:13:32',	'2025-11-20 02:13:32'),
(205,	3,	'appointment_cancelled',	'Anulowanie wizyty',	'Wizyta test zaplanowana na 20.11.2025 10:00 zostaa anulowana.',	'{\"appointment_id\":9,\"reason\":null}',	0,	NULL,	9,	'App\\Models\\Appointment',	NULL,	NULL,	'2025-11-20 02:13:32',	'2025-11-20 02:13:32'),
(206,	4,	'appointment_cancelled',	'Anulowanie wizyty',	'Wizyta Fizjo zaplanowana na 18.11.2025 13:00 zostaa anulowana.',	'{\"appointment_id\":10,\"reason\":null}',	0,	NULL,	10,	'App\\Models\\Appointment',	NULL,	NULL,	'2025-11-20 02:13:42',	'2025-11-20 02:13:42'),
(207,	3,	'appointment_cancelled',	'Anulowanie wizyty',	'Wizyta Fizjo zaplanowana na 18.11.2025 13:00 zostaa anulowana.',	'{\"appointment_id\":10,\"reason\":null}',	0,	NULL,	10,	'App\\Models\\Appointment',	NULL,	NULL,	'2025-11-20 02:13:42',	'2025-11-20 02:13:42'),
(208,	2,	'appointment_cancelled',	'Anulowanie wizyty',	'Wizyta dadda zaplanowana na 20.11.2025 07:00 zostaa anulowana.',	'{\"appointment_id\":12,\"reason\":null}',	0,	NULL,	12,	'App\\Models\\Appointment',	NULL,	NULL,	'2025-11-20 02:13:45',	'2025-11-20 02:13:45'),
(209,	3,	'appointment_cancelled',	'Anulowanie wizyty',	'Wizyta dadda zaplanowana na 20.11.2025 07:00 zostaa anulowana.',	'{\"appointment_id\":12,\"reason\":null}',	0,	NULL,	12,	'App\\Models\\Appointment',	NULL,	NULL,	'2025-11-20 02:13:45',	'2025-11-20 02:13:45'),
(210,	2,	'appointment_created',	'Nowa wizyta',	'Um贸wiono Ci na wizyt: test w dniu 24.11.2025 12:00',	'{\"appointment_id\":14}',	0,	NULL,	14,	'App\\Models\\Appointment',	NULL,	NULL,	'2025-11-20 02:14:09',	'2025-11-20 02:14:09'),
(211,	3,	'appointment_created',	'Nowa wizyta w kalendarzu',	'Dodano now wizyt: test w dniu 24.11.2025 12:00',	'{\"appointment_id\":14}',	0,	NULL,	14,	'App\\Models\\Appointment',	NULL,	NULL,	'2025-11-20 02:14:09',	'2025-11-20 02:14:09'),
(212,	2,	'appointment_updated',	'Zmiana wizyty',	'Wizyta SASA zostaa zaktualizowana na 25.11.2025 06:00',	'{\"appointment_id\":11}',	0,	NULL,	11,	'App\\Models\\Appointment',	NULL,	NULL,	'2025-11-20 02:14:32',	'2025-11-20 02:14:32'),
(213,	3,	'appointment_updated',	'Wizyta zostaa zmieniona',	'Wizyta SASA zostaa zaktualizowana na 25.11.2025 06:00',	'{\"appointment_id\":11}',	0,	NULL,	11,	'App\\Models\\Appointment',	NULL,	NULL,	'2025-11-20 02:14:32',	'2025-11-20 02:14:32'),
(214,	2,	'appointment_updated',	'Zmiana wizyty',	'Wizyta SASA zostaa zaktualizowana na 25.11.2025 14:00',	'{\"appointment_id\":11}',	1,	'2025-11-20 02:21:13',	11,	'App\\Models\\Appointment',	NULL,	NULL,	'2025-11-20 02:15:09',	'2025-11-20 02:21:13'),
(215,	3,	'appointment_updated',	'Wizyta zostaa zmieniona',	'Wizyta SASA zostaa zaktualizowana na 25.11.2025 14:00',	'{\"appointment_id\":11}',	0,	NULL,	11,	'App\\Models\\Appointment',	NULL,	NULL,	'2025-11-20 02:15:09',	'2025-11-20 02:15:09'),
(216,	2,	'payment_completed',	'Patno zrealizowana',	'Patno za wizyt \"test\" zostaa zrealizowana pomylnie.',	NULL,	0,	NULL,	NULL,	NULL,	'credit-card',	'http://127.0.0.1:8000/payments/4',	'2025-11-20 02:26:22',	'2025-11-20 02:26:22'),
(217,	3,	'payment_received',	'Otrzymano patno',	'Pacjent Damian Duda opaci wizyt.',	NULL,	0,	NULL,	NULL,	NULL,	'credit-card',	'http://127.0.0.1:8000/payments/4',	'2025-11-20 02:26:22',	'2025-11-20 02:26:22'),
(218,	2,	'appointment_created',	'Nowa wizyta',	'Um贸wiono Ci na wizyt: Fizjo w dniu 26.11.2025 14:00',	'{\"appointment_id\":15}',	0,	NULL,	15,	'App\\Models\\Appointment',	NULL,	NULL,	'2025-11-20 02:28:43',	'2025-11-20 02:28:43'),
(219,	3,	'appointment_created',	'Nowa wizyta w kalendarzu',	'Dodano now wizyt: Fizjo w dniu 26.11.2025 14:00',	'{\"appointment_id\":15}',	0,	NULL,	15,	'App\\Models\\Appointment',	NULL,	NULL,	'2025-11-20 02:28:43',	'2025-11-20 02:28:43'),
(220,	2,	'payment_completed',	'Patno zrealizowana',	'Patno za wizyt \"Fizjo\" zostaa zrealizowana pomylnie.',	NULL,	0,	NULL,	NULL,	NULL,	'credit-card',	'http://127.0.0.1:8000/payments/5',	'2025-11-20 02:30:45',	'2025-11-20 02:30:45'),
(221,	3,	'payment_received',	'Otrzymano patno',	'Pacjent Damian Duda opaci wizyt.',	NULL,	0,	NULL,	NULL,	NULL,	'credit-card',	'http://127.0.0.1:8000/payments/5',	'2025-11-20 02:30:45',	'2025-11-20 02:30:45'),
(222,	2,	'appointment_created',	'Nowa wizyta',	'Um贸wiono Ci na wizyt: dupa w dniu 28.11.2025 14:00',	'{\"appointment_id\":16}',	0,	NULL,	16,	'App\\Models\\Appointment',	NULL,	NULL,	'2025-11-20 20:32:30',	'2025-11-20 20:32:30'),
(223,	3,	'appointment_created',	'Nowa wizyta w kalendarzu',	'Dodano now wizyt: dupa w dniu 28.11.2025 14:00',	'{\"appointment_id\":16}',	0,	NULL,	16,	'App\\Models\\Appointment',	NULL,	NULL,	'2025-11-20 20:32:30',	'2025-11-20 20:32:30'),
(224,	2,	'payment_completed',	'Patno zrealizowana',	'Patno za wizyt \"dupa\" zostaa zrealizowana pomylnie.',	NULL,	0,	NULL,	NULL,	NULL,	'credit-card',	'http://127.0.0.1:8000/payments/6',	'2025-11-20 20:41:20',	'2025-11-20 20:41:20'),
(225,	3,	'payment_received',	'Otrzymano patno',	'Pacjent Damian Duda opaci wizyt.',	NULL,	0,	NULL,	NULL,	NULL,	'credit-card',	'http://127.0.0.1:8000/payments/6',	'2025-11-20 20:41:20',	'2025-11-20 20:41:20'),
(226,	2,	'appointment_updated',	'Zmiana wizyty',	'Wizyta test zostaa zaktualizowana na 24.11.2025 12:00',	'{\"appointment_id\":14}',	0,	NULL,	14,	'App\\Models\\Appointment',	NULL,	NULL,	'2025-11-20 21:16:50',	'2025-11-20 21:16:50'),
(227,	2,	'appointment_updated',	'Zmiana wizyty',	'Wizyta test zostaa zaktualizowana na 24.11.2025 15:00',	'{\"appointment_id\":14}',	0,	NULL,	14,	'App\\Models\\Appointment',	NULL,	NULL,	'2025-11-20 21:17:32',	'2025-11-20 21:17:32'),
(228,	4,	'appointment_created',	'Nowa wizyta',	'Um贸wiono Ci na wizyt: test w dniu 30.11.2025 07:00',	'{\"appointment_id\":17}',	0,	NULL,	17,	'App\\Models\\Appointment',	NULL,	NULL,	'2025-11-20 21:29:34',	'2025-11-20 21:29:34'),
(229,	3,	'appointment_created',	'Nowa wizyta w kalendarzu',	'Dodano now wizyt: test w dniu 30.11.2025 07:00',	'{\"appointment_id\":17}',	0,	NULL,	17,	'App\\Models\\Appointment',	NULL,	NULL,	'2025-11-20 21:29:34',	'2025-11-20 21:29:34'),
(230,	4,	'appointment_cancelled',	'Anulowanie wizyty',	'Wizyta test zaplanowana na 30.11.2025 07:00 zostaa anulowana.',	'{\"appointment_id\":17,\"reason\":null}',	0,	NULL,	17,	'App\\Models\\Appointment',	NULL,	NULL,	'2025-11-20 21:39:21',	'2025-11-20 21:39:21'),
(231,	6,	'appointment_created',	'Nowa wizyta',	'Um贸wiono Ci na wizyt: ostateczna dupa w dniu 03.12.2025 07:00',	'{\"appointment_id\":18}',	0,	NULL,	18,	'App\\Models\\Appointment',	NULL,	NULL,	'2025-11-29 01:00:41',	'2025-11-29 01:00:41'),
(232,	3,	'appointment_created',	'Nowa wizyta w kalendarzu',	'Dodano now wizyt: ostateczna dupa w dniu 03.12.2025 07:00',	'{\"appointment_id\":18}',	0,	NULL,	18,	'App\\Models\\Appointment',	NULL,	NULL,	'2025-11-29 01:00:41',	'2025-11-29 01:00:41'),
(233,	6,	'payment_completed',	'Patno zrealizowana',	'Patno za wizyt \"ostateczna dupa\" zostaa zrealizowana pomylnie.',	NULL,	1,	'2025-11-29 01:02:14',	NULL,	NULL,	'credit-card',	'http://127.0.0.1:8000/payments/8',	'2025-11-29 01:02:07',	'2025-11-29 01:02:14'),
(234,	3,	'payment_received',	'Otrzymano patno',	'Pacjent Oliver W贸jcik opaci wizyt.',	NULL,	0,	NULL,	NULL,	NULL,	'credit-card',	'http://127.0.0.1:8000/payments/8',	'2025-11-29 01:02:07',	'2025-11-29 01:02:07'),
(235,	2,	'appointment_updated',	'Zmiana wizyty',	'Wizyta dupa zostaa zaktualizowana na 28.11.2025 15:00',	'{\"appointment_id\":16}',	0,	NULL,	16,	'App\\Models\\Appointment',	NULL,	NULL,	'2025-11-30 01:06:45',	'2025-11-30 01:06:45'),
(236,	3,	'appointment_updated',	'Wizyta zostaa zmieniona',	'Wizyta dupa zostaa zaktualizowana na 28.11.2025 15:00',	'{\"appointment_id\":16}',	0,	NULL,	16,	'App\\Models\\Appointment',	NULL,	NULL,	'2025-11-30 01:06:45',	'2025-11-30 01:06:45'),
(237,	2,	'appointment_updated',	'Zmiana wizyty',	'Wizyta dupa zostaa zaktualizowana na 28.11.2025 15:00',	'{\"appointment_id\":16}',	0,	NULL,	16,	'App\\Models\\Appointment',	NULL,	NULL,	'2025-11-30 01:06:49',	'2025-11-30 01:06:49'),
(238,	3,	'appointment_updated',	'Wizyta zostaa zmieniona',	'Wizyta dupa zostaa zaktualizowana na 28.11.2025 15:00',	'{\"appointment_id\":16}',	0,	NULL,	16,	'App\\Models\\Appointment',	NULL,	NULL,	'2025-11-30 01:06:49',	'2025-11-30 01:06:49'),
(239,	6,	'appointment_updated',	'Zmiana wizyty',	'Wizyta ostateczna dupa zostaa zaktualizowana na 03.12.2025 08:00',	'{\"appointment_id\":18}',	0,	NULL,	18,	'App\\Models\\Appointment',	NULL,	NULL,	'2025-11-30 01:07:09',	'2025-11-30 01:07:09'),
(240,	3,	'appointment_updated',	'Wizyta zostaa zmieniona',	'Wizyta ostateczna dupa zostaa zaktualizowana na 03.12.2025 08:00',	'{\"appointment_id\":18}',	0,	NULL,	18,	'App\\Models\\Appointment',	NULL,	NULL,	'2025-11-30 01:07:09',	'2025-11-30 01:07:09'),
(241,	6,	'appointment_updated',	'Zmiana wizyty',	'Wizyta ostateczna dupa zostaa zaktualizowana na 03.12.2025 08:00',	'{\"appointment_id\":18}',	0,	NULL,	18,	'App\\Models\\Appointment',	NULL,	NULL,	'2025-11-30 01:07:11',	'2025-11-30 01:07:11'),
(242,	3,	'appointment_updated',	'Wizyta zostaa zmieniona',	'Wizyta ostateczna dupa zostaa zaktualizowana na 03.12.2025 08:00',	'{\"appointment_id\":18}',	0,	NULL,	18,	'App\\Models\\Appointment',	NULL,	NULL,	'2025-11-30 01:07:11',	'2025-11-30 01:07:11'),
(243,	11,	'system',	'Witamy w systemie Rehamed',	'Twoje konto zostao utworzone przez administratora. Mo偶esz si teraz zalogowa.',	'{\"action\":\"account_created\"}',	0,	NULL,	NULL,	NULL,	NULL,	NULL,	'2025-12-14 10:06:18',	'2025-12-14 10:06:18'),
(244,	6,	'appointment_updated',	'Zmiana wizyty',	'Wizyta ostateczna dupa zostaa zaktualizowana na 01.12.2025 07:00',	'{\"appointment_id\":18}',	0,	NULL,	18,	'App\\Models\\Appointment',	NULL,	NULL,	'2025-12-14 10:11:15',	'2025-12-14 10:11:15'),
(245,	6,	'appointment_updated',	'Zmiana wizyty',	'Wizyta ostateczna dupa zostaa zaktualizowana na 01.12.2025 09:30',	'{\"appointment_id\":18}',	0,	NULL,	18,	'App\\Models\\Appointment',	NULL,	NULL,	'2025-12-14 10:11:17',	'2025-12-14 10:11:17'),
(246,	6,	'appointment_updated',	'Zmiana wizyty',	'Wizyta ostateczna dupa zostaa zaktualizowana na 01.12.2025 11:00',	'{\"appointment_id\":18}',	0,	NULL,	18,	'App\\Models\\Appointment',	NULL,	NULL,	'2025-12-14 10:11:19',	'2025-12-14 10:11:19'),
(247,	6,	'appointment_updated',	'Zmiana wizyty',	'Wizyta ostateczna dupa zostaa zaktualizowana na 01.12.2025 17:00',	'{\"appointment_id\":18}',	0,	NULL,	18,	'App\\Models\\Appointment',	NULL,	NULL,	'2025-12-14 10:12:16',	'2025-12-14 10:12:16'),
(248,	6,	'appointment_updated',	'Zmiana wizyty',	'Wizyta ostateczna dupa zostaa zaktualizowana na 01.12.2025 15:30',	'{\"appointment_id\":18}',	0,	NULL,	18,	'App\\Models\\Appointment',	NULL,	NULL,	'2025-12-14 10:12:29',	'2025-12-14 10:12:29'),
(249,	6,	'appointment_updated',	'Zmiana wizyty',	'Wizyta ostateczna dupa zostaa zaktualizowana na 01.12.2025 13:30',	'{\"appointment_id\":18}',	0,	NULL,	18,	'App\\Models\\Appointment',	NULL,	NULL,	'2025-12-14 10:12:31',	'2025-12-14 10:12:31'),
(250,	6,	'appointment_updated',	'Zmiana wizyty',	'Wizyta ostateczna dupa zostaa zaktualizowana na 01.12.2025 11:30',	'{\"appointment_id\":18}',	0,	NULL,	18,	'App\\Models\\Appointment',	NULL,	NULL,	'2025-12-14 10:12:45',	'2025-12-14 10:12:45'),
(251,	6,	'appointment_updated',	'Zmiana wizyty',	'Wizyta ostateczna dupa zostaa zaktualizowana na 01.12.2025 09:00',	'{\"appointment_id\":18}',	0,	NULL,	18,	'App\\Models\\Appointment',	NULL,	NULL,	'2025-12-14 10:12:46',	'2025-12-14 10:12:46'),
(252,	6,	'appointment_updated',	'Zmiana wizyty',	'Wizyta ostateczna dupa zostaa zaktualizowana na 01.12.2025 10:00',	'{\"appointment_id\":18}',	0,	NULL,	18,	'App\\Models\\Appointment',	NULL,	NULL,	'2025-12-14 10:14:28',	'2025-12-14 10:14:28'),
(253,	6,	'appointment_updated',	'Zmiana wizyty',	'Wizyta ostateczna dupa zostaa zaktualizowana na 01.12.2025 12:00',	'{\"appointment_id\":18}',	0,	NULL,	18,	'App\\Models\\Appointment',	NULL,	NULL,	'2025-12-14 10:15:06',	'2025-12-14 10:15:06'),
(254,	6,	'appointment_updated',	'Zmiana wizyty',	'Wizyta ostateczna dupa zostaa zaktualizowana na 01.12.2025 13:30',	'{\"appointment_id\":18}',	0,	NULL,	18,	'App\\Models\\Appointment',	NULL,	NULL,	'2025-12-14 10:15:08',	'2025-12-14 10:15:08'),
(255,	6,	'appointment_updated',	'Zmiana wizyty',	'Wizyta ostateczna dupa zostaa zaktualizowana na 01.12.2025 15:00',	'{\"appointment_id\":18}',	0,	NULL,	18,	'App\\Models\\Appointment',	NULL,	NULL,	'2025-12-14 10:15:08',	'2025-12-14 10:15:08'),
(256,	6,	'appointment_updated',	'Zmiana wizyty',	'Wizyta ostateczna dupa zostaa zaktualizowana na 01.12.2025 17:00',	'{\"appointment_id\":18}',	0,	NULL,	18,	'App\\Models\\Appointment',	NULL,	NULL,	'2025-12-14 10:15:10',	'2025-12-14 10:15:10'),
(257,	6,	'appointment_updated',	'Zmiana wizyty',	'Wizyta ostateczna dupa zostaa zaktualizowana na 01.12.2025 17:30',	'{\"appointment_id\":18}',	0,	NULL,	18,	'App\\Models\\Appointment',	NULL,	NULL,	'2025-12-14 10:15:16',	'2025-12-14 10:15:16'),
(258,	6,	'appointment_updated',	'Zmiana wizyty',	'Wizyta ostateczna dupa zostaa zaktualizowana na 01.12.2025 10:30',	'{\"appointment_id\":18}',	0,	NULL,	18,	'App\\Models\\Appointment',	NULL,	NULL,	'2025-12-14 10:15:22',	'2025-12-14 10:15:22'),
(259,	6,	'appointment_updated',	'Zmiana wizyty',	'Wizyta ostateczna dupa zostaa zaktualizowana na 01.12.2025 08:30',	'{\"appointment_id\":18}',	0,	NULL,	18,	'App\\Models\\Appointment',	NULL,	NULL,	'2025-12-14 10:15:24',	'2025-12-14 10:15:24'),
(260,	6,	'appointment_updated',	'Zmiana wizyty',	'Wizyta ostateczna dupa zostaa zaktualizowana na 01.12.2025 08:00',	'{\"appointment_id\":18}',	0,	NULL,	18,	'App\\Models\\Appointment',	NULL,	NULL,	'2025-12-14 10:15:25',	'2025-12-14 10:15:25'),
(261,	6,	'appointment_updated',	'Zmiana wizyty',	'Wizyta ostateczna dupa zostaa zaktualizowana na 01.12.2025 07:00',	'{\"appointment_id\":18}',	0,	NULL,	18,	'App\\Models\\Appointment',	NULL,	NULL,	'2025-12-14 10:15:26',	'2025-12-14 10:15:26'),
(262,	6,	'appointment_updated',	'Zmiana wizyty',	'Wizyta ostateczna dupa zostaa zaktualizowana na 01.12.2025 13:00',	'{\"appointment_id\":18}',	0,	NULL,	18,	'App\\Models\\Appointment',	NULL,	NULL,	'2025-12-14 10:23:13',	'2025-12-14 10:23:13'),
(263,	6,	'appointment_updated',	'Zmiana wizyty',	'Wizyta ostateczna dupa zostaa zaktualizowana na 01.12.2025 13:30',	'{\"appointment_id\":18}',	0,	NULL,	18,	'App\\Models\\Appointment',	NULL,	NULL,	'2025-12-14 10:23:15',	'2025-12-14 10:23:15'),
(264,	6,	'appointment_updated',	'Zmiana wizyty',	'Wizyta ostateczna dupa zostaa zaktualizowana na 01.12.2025 14:30',	'{\"appointment_id\":18}',	0,	NULL,	18,	'App\\Models\\Appointment',	NULL,	NULL,	'2025-12-14 10:23:18',	'2025-12-14 10:23:18'),
(265,	6,	'appointment_updated',	'Zmiana wizyty',	'Wizyta ostateczna dupa zostaa zaktualizowana na 01.12.2025 14:00',	'{\"appointment_id\":18}',	0,	NULL,	18,	'App\\Models\\Appointment',	NULL,	NULL,	'2025-12-14 10:23:21',	'2025-12-14 10:23:21'),
(266,	6,	'appointment_updated',	'Zmiana wizyty',	'Wizyta ostateczna dupa zostaa zaktualizowana na 01.12.2025 14:30',	'{\"appointment_id\":18}',	0,	NULL,	18,	'App\\Models\\Appointment',	NULL,	NULL,	'2025-12-14 10:23:24',	'2025-12-14 10:23:24'),
(267,	6,	'appointment_updated',	'Zmiana wizyty',	'Wizyta ostateczna dupa zostaa zaktualizowana na 01.12.2025 15:30',	'{\"appointment_id\":18}',	0,	NULL,	18,	'App\\Models\\Appointment',	NULL,	NULL,	'2025-12-14 10:23:25',	'2025-12-14 10:23:25'),
(268,	6,	'appointment_updated',	'Zmiana wizyty',	'Wizyta ostateczna dupa zostaa zaktualizowana na 01.12.2025 14:00',	'{\"appointment_id\":18}',	0,	NULL,	18,	'App\\Models\\Appointment',	NULL,	NULL,	'2025-12-14 10:23:45',	'2025-12-14 10:23:45'),
(269,	6,	'appointment_updated',	'Zmiana wizyty',	'Wizyta ostateczna dupa zostaa zaktualizowana na 01.12.2025 15:00',	'{\"appointment_id\":18}',	0,	NULL,	18,	'App\\Models\\Appointment',	NULL,	NULL,	'2025-12-14 10:23:47',	'2025-12-14 10:23:47'),
(270,	6,	'appointment_updated',	'Zmiana wizyty',	'Wizyta ostateczna dupa zostaa zaktualizowana na 01.12.2025 15:30',	'{\"appointment_id\":18}',	0,	NULL,	18,	'App\\Models\\Appointment',	NULL,	NULL,	'2025-12-14 10:23:49',	'2025-12-14 10:23:49'),
(271,	6,	'appointment_updated',	'Zmiana wizyty',	'Wizyta ostateczna dupa zostaa zaktualizowana na 01.12.2025 13:00',	'{\"appointment_id\":18}',	0,	NULL,	18,	'App\\Models\\Appointment',	NULL,	NULL,	'2025-12-14 10:31:50',	'2025-12-14 10:31:50'),
(272,	6,	'appointment_updated',	'Zmiana wizyty',	'Wizyta ostateczna dupa zostaa zaktualizowana na 01.12.2025 15:00',	'{\"appointment_id\":18}',	0,	NULL,	18,	'App\\Models\\Appointment',	NULL,	NULL,	'2025-12-14 10:35:57',	'2025-12-14 10:35:57'),
(273,	6,	'appointment_updated',	'Zmiana wizyty',	'Wizyta ostateczna dupa zostaa zaktualizowana na 01.12.2025 13:00',	'{\"appointment_id\":18}',	0,	NULL,	18,	'App\\Models\\Appointment',	NULL,	NULL,	'2025-12-14 10:42:21',	'2025-12-14 10:42:21'),
(274,	6,	'appointment_updated',	'Zmiana wizyty',	'Wizyta ostateczna dupa zostaa zaktualizowana na 01.12.2025 14:30',	'{\"appointment_id\":18}',	0,	NULL,	18,	'App\\Models\\Appointment',	NULL,	NULL,	'2025-12-14 10:43:06',	'2025-12-14 10:43:06'),
(275,	6,	'appointment_updated',	'Zmiana wizyty',	'Wizyta ostateczna dupa zostaa zaktualizowana na 01.12.2025 13:00',	'{\"appointment_id\":18}',	0,	NULL,	18,	'App\\Models\\Appointment',	NULL,	NULL,	'2025-12-14 10:43:07',	'2025-12-14 10:43:07'),
(276,	6,	'appointment_updated',	'Zmiana wizyty',	'Wizyta ostateczna dupa zostaa zaktualizowana na 01.12.2025 14:00',	'{\"appointment_id\":18}',	0,	NULL,	18,	'App\\Models\\Appointment',	NULL,	NULL,	'2025-12-14 10:45:05',	'2025-12-14 10:45:05'),
(277,	6,	'appointment_updated',	'Zmiana wizyty',	'Wizyta ostateczna dupa zostaa zaktualizowana na 01.12.2025 14:00',	'{\"appointment_id\":18}',	0,	NULL,	18,	'App\\Models\\Appointment',	NULL,	NULL,	'2025-12-14 10:45:08',	'2025-12-14 10:45:08'),
(278,	6,	'appointment_updated',	'Zmiana wizyty',	'Wizyta ostateczna dupa zostaa zaktualizowana na 01.12.2025 13:30',	'{\"appointment_id\":18}',	0,	NULL,	18,	'App\\Models\\Appointment',	NULL,	NULL,	'2025-12-14 10:45:11',	'2025-12-14 10:45:11'),
(279,	6,	'appointment_updated',	'Zmiana wizyty',	'Wizyta ostateczna dupa zostaa zaktualizowana na 01.12.2025 14:00',	'{\"appointment_id\":18}',	0,	NULL,	18,	'App\\Models\\Appointment',	NULL,	NULL,	'2025-12-14 10:55:22',	'2025-12-14 10:55:22'),
(280,	6,	'appointment_updated',	'Zmiana wizyty',	'Wizyta ostateczna dupa zostaa zaktualizowana na 01.12.2025 18:30',	'{\"appointment_id\":18}',	0,	NULL,	18,	'App\\Models\\Appointment',	NULL,	NULL,	'2025-12-14 10:55:48',	'2025-12-14 10:55:48'),
(281,	6,	'appointment_updated',	'Zmiana wizyty',	'Wizyta ostateczna dupa zostaa zaktualizowana na 01.12.2025 18:00',	'{\"appointment_id\":18}',	0,	NULL,	18,	'App\\Models\\Appointment',	NULL,	NULL,	'2025-12-14 10:55:51',	'2025-12-14 10:55:51'),
(282,	6,	'appointment_updated',	'Zmiana wizyty',	'Wizyta ostateczna dupa zostaa zaktualizowana na 01.12.2025 16:30',	'{\"appointment_id\":18}',	0,	NULL,	18,	'App\\Models\\Appointment',	NULL,	NULL,	'2025-12-14 10:56:01',	'2025-12-14 10:56:01'),
(283,	6,	'appointment_updated',	'Zmiana wizyty',	'Wizyta ostateczna dupa zostaa zaktualizowana na 01.12.2025 14:30',	'{\"appointment_id\":18}',	0,	NULL,	18,	'App\\Models\\Appointment',	NULL,	NULL,	'2025-12-14 10:56:06',	'2025-12-14 10:56:06'),
(284,	6,	'appointment_updated',	'Zmiana wizyty',	'Wizyta ostateczna dupa zostaa zaktualizowana na 02.12.2025 14:00',	'{\"appointment_id\":18}',	0,	NULL,	18,	'App\\Models\\Appointment',	NULL,	NULL,	'2025-12-14 10:56:08',	'2025-12-14 10:56:08'),
(285,	6,	'appointment_updated',	'Zmiana wizyty',	'Wizyta ostateczna dupa zostaa zaktualizowana na 06.12.2025 12:30',	'{\"appointment_id\":18}',	0,	NULL,	18,	'App\\Models\\Appointment',	NULL,	NULL,	'2025-12-14 10:56:25',	'2025-12-14 10:56:25'),
(286,	6,	'appointment_updated',	'Zmiana wizyty',	'Wizyta ostateczna dupa zostaa zaktualizowana na 06.12.2025 11:30',	'{\"appointment_id\":18}',	0,	NULL,	18,	'App\\Models\\Appointment',	NULL,	NULL,	'2025-12-14 10:56:29',	'2025-12-14 10:56:29'),
(287,	6,	'appointment_updated',	'Zmiana wizyty',	'Wizyta ostateczna dupa zostaa zaktualizowana na 06.12.2025 11:00',	'{\"appointment_id\":18}',	0,	NULL,	18,	'App\\Models\\Appointment',	NULL,	NULL,	'2025-12-14 10:56:31',	'2025-12-14 10:56:31'),
(288,	6,	'appointment_updated',	'Zmiana wizyty',	'Wizyta ostateczna dupa zostaa zaktualizowana na 06.12.2025 10:30',	'{\"appointment_id\":18}',	0,	NULL,	18,	'App\\Models\\Appointment',	NULL,	NULL,	'2025-12-14 10:56:33',	'2025-12-14 10:56:33'),
(289,	6,	'appointment_updated',	'Zmiana wizyty',	'Wizyta ostateczna dupa zostaa zaktualizowana na 06.12.2025 10:00',	'{\"appointment_id\":18}',	0,	NULL,	18,	'App\\Models\\Appointment',	NULL,	NULL,	'2025-12-14 10:56:34',	'2025-12-14 10:56:34'),
(290,	6,	'appointment_updated',	'Zmiana wizyty',	'Wizyta ostateczna dupa zostaa zaktualizowana na 06.12.2025 09:30',	'{\"appointment_id\":18}',	0,	NULL,	18,	'App\\Models\\Appointment',	NULL,	NULL,	'2025-12-14 10:56:37',	'2025-12-14 10:56:37'),
(291,	6,	'appointment_updated',	'Zmiana wizyty',	'Wizyta ostateczna dupa zostaa zaktualizowana na 06.12.2025 09:00',	'{\"appointment_id\":18}',	0,	NULL,	18,	'App\\Models\\Appointment',	NULL,	NULL,	'2025-12-14 10:56:39',	'2025-12-14 10:56:39'),
(292,	6,	'appointment_updated',	'Zmiana wizyty',	'Wizyta ostateczna dupa zostaa zaktualizowana na 06.12.2025 09:00',	'{\"appointment_id\":18}',	0,	NULL,	18,	'App\\Models\\Appointment',	NULL,	NULL,	'2025-12-14 10:56:44',	'2025-12-14 10:56:44'),
(293,	6,	'appointment_updated',	'Zmiana wizyty',	'Wizyta ostateczna dupa zostaa zaktualizowana na 01.12.2025 13:00',	'{\"appointment_id\":18}',	0,	NULL,	18,	'App\\Models\\Appointment',	NULL,	NULL,	'2025-12-14 11:00:22',	'2025-12-14 11:00:22'),
(294,	6,	'appointment_updated',	'Zmiana wizyty',	'Wizyta ostateczna dupa zostaa zaktualizowana na 01.12.2025 14:00',	'{\"appointment_id\":18}',	0,	NULL,	18,	'App\\Models\\Appointment',	NULL,	NULL,	'2025-12-14 11:00:27',	'2025-12-14 11:00:27'),
(295,	6,	'appointment_updated',	'Zmiana wizyty',	'Wizyta ostateczna dupa zostaa zaktualizowana na 01.12.2025 14:00',	'{\"appointment_id\":18}',	0,	NULL,	18,	'App\\Models\\Appointment',	NULL,	NULL,	'2025-12-14 11:00:37',	'2025-12-14 11:00:37'),
(296,	6,	'appointment_updated',	'Zmiana wizyty',	'Wizyta ostateczna dupa zostaa zaktualizowana na 01.12.2025 13:30',	'{\"appointment_id\":18}',	0,	NULL,	18,	'App\\Models\\Appointment',	NULL,	NULL,	'2025-12-14 11:00:39',	'2025-12-14 11:00:39'),
(297,	6,	'appointment_updated',	'Zmiana wizyty',	'Wizyta ostateczna dupa zostaa zaktualizowana na 01.12.2025 13:00',	'{\"appointment_id\":18}',	0,	NULL,	18,	'App\\Models\\Appointment',	NULL,	NULL,	'2025-12-14 11:00:41',	'2025-12-14 11:00:41'),
(298,	6,	'appointment_updated',	'Zmiana wizyty',	'Wizyta ostateczna dupa zostaa zaktualizowana na 01.12.2025 13:30',	'{\"appointment_id\":18}',	0,	NULL,	18,	'App\\Models\\Appointment',	NULL,	NULL,	'2025-12-14 11:30:43',	'2025-12-14 11:30:43'),
(299,	6,	'appointment_updated',	'Zmiana wizyty',	'Wizyta ostateczna dupa zostaa zaktualizowana na 01.12.2025 13:30',	'{\"appointment_id\":18}',	0,	NULL,	18,	'App\\Models\\Appointment',	NULL,	NULL,	'2025-12-14 11:30:46',	'2025-12-14 11:30:46'),
(300,	6,	'appointment_updated',	'Zmiana wizyty',	'Wizyta ostateczna dupa zostaa zaktualizowana na 01.12.2025 14:00',	'{\"appointment_id\":18}',	0,	NULL,	18,	'App\\Models\\Appointment',	NULL,	NULL,	'2025-12-14 11:30:48',	'2025-12-14 11:30:48'),
(301,	6,	'appointment_updated',	'Zmiana wizyty',	'Wizyta ostateczna dupa zostaa zaktualizowana na 01.12.2025 14:00',	'{\"appointment_id\":18}',	0,	NULL,	18,	'App\\Models\\Appointment',	NULL,	NULL,	'2025-12-14 11:30:50',	'2025-12-14 11:30:50'),
(302,	6,	'appointment_updated',	'Zmiana wizyty',	'Wizyta ostateczna dupa zostaa zaktualizowana na 01.12.2025 15:30',	'{\"appointment_id\":18}',	0,	NULL,	18,	'App\\Models\\Appointment',	NULL,	NULL,	'2025-12-14 11:30:52',	'2025-12-14 11:30:52'),
(303,	6,	'appointment_updated',	'Zmiana wizyty',	'Wizyta ostateczna dupa zostaa zaktualizowana na 06.12.2025 11:30',	'{\"appointment_id\":18}',	0,	NULL,	18,	'App\\Models\\Appointment',	NULL,	NULL,	'2025-12-14 11:30:55',	'2025-12-14 11:30:55'),
(304,	6,	'appointment_updated',	'Zmiana wizyty',	'Wizyta ostateczna dupa zostaa zaktualizowana na 06.12.2025 13:30',	'{\"appointment_id\":18}',	0,	NULL,	18,	'App\\Models\\Appointment',	NULL,	NULL,	'2025-12-14 11:30:57',	'2025-12-14 11:30:57'),
(305,	6,	'appointment_updated',	'Zmiana wizyty',	'Wizyta ostateczna dupa zostaa zaktualizowana na 01.12.2025 13:00',	'{\"appointment_id\":18}',	0,	NULL,	18,	'App\\Models\\Appointment',	NULL,	NULL,	'2025-12-14 13:35:29',	'2025-12-14 13:35:29'),
(306,	6,	'appointment_updated',	'Zmiana wizyty',	'Wizyta ostateczna dupa zostaa zaktualizowana na 01.12.2025 14:30',	'{\"appointment_id\":18}',	0,	NULL,	18,	'App\\Models\\Appointment',	NULL,	NULL,	'2025-12-14 13:35:33',	'2025-12-14 13:35:33'),
(307,	2,	'appointment_created',	'Nowa wizyta',	'Um贸wiono Ci na wizyt: test harmo nowy w dniu 15.12.2025 13:00',	'{\"appointment_id\":19}',	0,	NULL,	19,	'App\\Models\\Appointment',	NULL,	NULL,	'2025-12-14 13:36:03',	'2025-12-14 13:36:03'),
(308,	3,	'appointment_created',	'Nowa wizyta w kalendarzu',	'Dodano now wizyt: test harmo nowy w dniu 15.12.2025 13:00',	'{\"appointment_id\":19}',	0,	NULL,	19,	'App\\Models\\Appointment',	NULL,	NULL,	'2025-12-14 13:36:03',	'2025-12-14 13:36:03'),
(309,	2,	'appointment_updated',	'Zmiana wizyty',	'Wizyta test harmo nowy zostaa zaktualizowana na 15.12.2025 13:00',	'{\"appointment_id\":19}',	0,	NULL,	19,	'App\\Models\\Appointment',	NULL,	NULL,	'2025-12-14 13:36:22',	'2025-12-14 13:36:22'),
(310,	2,	'appointment_updated',	'Zmiana wizyty',	'Wizyta test harmo nowy zostaa zaktualizowana na 15.12.2025 14:00',	'{\"appointment_id\":19}',	0,	NULL,	19,	'App\\Models\\Appointment',	NULL,	NULL,	'2025-12-14 13:36:26',	'2025-12-14 13:36:26'),
(311,	2,	'appointment_updated',	'Zmiana wizyty',	'Wizyta test harmo nowy zostaa zaktualizowana na 15.12.2025 14:00',	'{\"appointment_id\":19}',	0,	NULL,	19,	'App\\Models\\Appointment',	NULL,	NULL,	'2025-12-14 13:36:28',	'2025-12-14 13:36:28'),
(312,	2,	'appointment_updated',	'Zmiana wizyty',	'Wizyta test harmo nowy zostaa zaktualizowana na 15.12.2025 14:30',	'{\"appointment_id\":19}',	0,	NULL,	19,	'App\\Models\\Appointment',	NULL,	NULL,	'2025-12-14 13:36:30',	'2025-12-14 13:36:30'),
(313,	2,	'appointment_updated',	'Zmiana wizyty',	'Wizyta test harmo nowy zostaa zaktualizowana na 15.12.2025 14:30',	'{\"appointment_id\":19}',	0,	NULL,	19,	'App\\Models\\Appointment',	NULL,	NULL,	'2025-12-14 13:36:33',	'2025-12-14 13:36:33'),
(314,	2,	'appointment_updated',	'Zmiana wizyty',	'Wizyta test harmo nowy zostaa zaktualizowana na 15.12.2025 14:00',	'{\"appointment_id\":19}',	0,	NULL,	19,	'App\\Models\\Appointment',	NULL,	NULL,	'2025-12-14 13:37:25',	'2025-12-14 13:37:25'),
(315,	2,	'appointment_updated',	'Zmiana wizyty',	'Wizyta test harmo nowy zostaa zaktualizowana na 15.12.2025 15:00',	'{\"appointment_id\":19}',	0,	NULL,	19,	'App\\Models\\Appointment',	NULL,	NULL,	'2025-12-14 13:37:27',	'2025-12-14 13:37:27'),
(316,	2,	'appointment_updated',	'Zmiana wizyty',	'Wizyta test harmo nowy zostaa zaktualizowana na 15.12.2025 15:00',	'{\"appointment_id\":19}',	0,	NULL,	19,	'App\\Models\\Appointment',	NULL,	NULL,	'2025-12-14 13:37:33',	'2025-12-14 13:37:33'),
(317,	2,	'appointment_updated',	'Zmiana wizyty',	'Wizyta test harmo nowy zostaa zaktualizowana na 15.12.2025 15:00',	'{\"appointment_id\":19}',	0,	NULL,	19,	'App\\Models\\Appointment',	NULL,	NULL,	'2025-12-14 13:37:37',	'2025-12-14 13:37:37'),
(318,	2,	'appointment_updated',	'Zmiana wizyty',	'Wizyta test harmo nowy zostaa zaktualizowana na 15.12.2025 14:30',	'{\"appointment_id\":19}',	0,	NULL,	19,	'App\\Models\\Appointment',	NULL,	NULL,	'2025-12-14 13:38:26',	'2025-12-14 13:38:26'),
(319,	2,	'appointment_updated',	'Zmiana wizyty',	'Wizyta test harmo nowy zostaa zaktualizowana na 15.12.2025 15:00',	'{\"appointment_id\":19}',	0,	NULL,	19,	'App\\Models\\Appointment',	NULL,	NULL,	'2025-12-14 13:38:55',	'2025-12-14 13:38:55'),
(320,	2,	'appointment_updated',	'Zmiana wizyty',	'Wizyta test harmo nowy zostaa zaktualizowana na 15.12.2025 15:00',	'{\"appointment_id\":19}',	0,	NULL,	19,	'App\\Models\\Appointment',	NULL,	NULL,	'2025-12-14 13:39:04',	'2025-12-14 13:39:04'),
(321,	2,	'appointment_updated',	'Zmiana wizyty',	'Wizyta test harmo nowy zostaa zaktualizowana na 15.12.2025 14:00',	'{\"appointment_id\":19}',	0,	NULL,	19,	'App\\Models\\Appointment',	NULL,	NULL,	'2025-12-14 13:40:53',	'2025-12-14 13:40:53'),
(322,	2,	'appointment_updated',	'Zmiana wizyty',	'Wizyta test harmo nowy zostaa zaktualizowana na 15.12.2025 14:00',	'{\"appointment_id\":19}',	0,	NULL,	19,	'App\\Models\\Appointment',	NULL,	NULL,	'2025-12-14 13:42:26',	'2025-12-14 13:42:26'),
(323,	2,	'appointment_updated',	'Zmiana wizyty',	'Wizyta test harmo nowy zostaa zaktualizowana na 20.12.2025 11:30',	'{\"appointment_id\":19}',	0,	NULL,	19,	'App\\Models\\Appointment',	NULL,	NULL,	'2025-12-14 13:42:50',	'2025-12-14 13:42:50'),
(324,	2,	'appointment_updated',	'Zmiana wizyty',	'Wizyta test harmo nowy zostaa zaktualizowana na 18.12.2025 10:30',	'{\"appointment_id\":19}',	0,	NULL,	19,	'App\\Models\\Appointment',	NULL,	NULL,	'2025-12-14 13:43:53',	'2025-12-14 13:43:53'),
(325,	2,	'appointment_updated',	'Zmiana wizyty',	'Wizyta test harmo nowy zostaa zaktualizowana na 18.12.2025 10:00',	'{\"appointment_id\":19}',	0,	NULL,	19,	'App\\Models\\Appointment',	NULL,	NULL,	'2025-12-14 13:43:56',	'2025-12-14 13:43:56'),
(326,	2,	'appointment_updated',	'Zmiana wizyty',	'Wizyta test harmo nowy - Damian Duda zostaa zaktualizowana na 18.12.2025 09:00',	'{\"appointment_id\":19}',	0,	NULL,	19,	'App\\Models\\Appointment',	NULL,	NULL,	'2025-12-14 13:44:17',	'2025-12-14 13:44:17'),
(327,	2,	'appointment_updated',	'Zmiana wizyty',	'Wizyta test harmo nowy - Damian Duda - Damian Duda zostaa zaktualizowana na 18.12.2025 10:00',	'{\"appointment_id\":19}',	0,	NULL,	19,	'App\\Models\\Appointment',	NULL,	NULL,	'2025-12-14 13:44:32',	'2025-12-14 13:44:32'),
(328,	2,	'appointment_updated',	'Zmiana wizyty',	'Wizyta test harmo nowy - Damian Duda - Damian Duda zostaa zaktualizowana na 18.12.2025 09:30',	'{\"appointment_id\":19}',	0,	NULL,	19,	'App\\Models\\Appointment',	NULL,	NULL,	'2025-12-14 13:47:32',	'2025-12-14 13:47:32'),
(329,	2,	'appointment_updated',	'Zmiana wizyty',	'Wizyta test harmo nowy - Damian Duda - Damian Duda zostaa zaktualizowana na 18.12.2025 16:00',	'{\"appointment_id\":19}',	0,	NULL,	19,	'App\\Models\\Appointment',	NULL,	NULL,	'2025-12-14 13:47:38',	'2025-12-14 13:47:38'),
(330,	2,	'appointment_updated',	'Zmiana wizyty',	'Wizyta test harmo nowy - Damian Duda - Damian Duda zostaa zaktualizowana na 18.12.2025 16:30',	'{\"appointment_id\":19}',	0,	NULL,	19,	'App\\Models\\Appointment',	NULL,	NULL,	'2025-12-14 13:50:26',	'2025-12-14 13:50:26'),
(331,	2,	'appointment_cancelled',	'Anulowanie wizyty',	'Wizyta test harmo nowy - Damian Duda - Damian Duda zaplanowana na 18.12.2025 16:30 zostaa anulowana.',	'{\"appointment_id\":19,\"reason\":null}',	0,	NULL,	19,	'App\\Models\\Appointment',	NULL,	NULL,	'2025-12-14 13:50:34',	'2025-12-14 13:50:34'),
(332,	2,	'appointment_created',	'Nowa wizyta',	'Um贸wiono Ci na wizyt: test harmo poprawki w dniu 15.12.2025 13:00',	'{\"appointment_id\":20}',	0,	NULL,	20,	'App\\Models\\Appointment',	NULL,	NULL,	'2025-12-14 13:51:05',	'2025-12-14 13:51:05'),
(333,	3,	'appointment_created',	'Nowa wizyta w kalendarzu',	'Dodano now wizyt: test harmo poprawki w dniu 15.12.2025 13:00',	'{\"appointment_id\":20}',	0,	NULL,	20,	'App\\Models\\Appointment',	NULL,	NULL,	'2025-12-14 13:51:05',	'2025-12-14 13:51:05'),
(334,	2,	'appointment_updated',	'Zmiana wizyty',	'Wizyta test harmo poprawki zostaa zaktualizowana na 15.12.2025 14:00',	'{\"appointment_id\":20}',	0,	NULL,	20,	'App\\Models\\Appointment',	NULL,	NULL,	'2025-12-14 13:54:56',	'2025-12-14 13:54:56'),
(335,	2,	'appointment_updated',	'Zmiana wizyty',	'Wizyta test harmo poprawki zostaa zaktualizowana na 15.12.2025 16:00',	'{\"appointment_id\":20}',	0,	NULL,	20,	'App\\Models\\Appointment',	NULL,	NULL,	'2025-12-14 13:54:58',	'2025-12-14 13:54:58'),
(336,	2,	'appointment_updated',	'Zmiana wizyty',	'Wizyta test harmo poprawki zostaa zaktualizowana na 15.12.2025 16:00',	'{\"appointment_id\":20}',	0,	NULL,	20,	'App\\Models\\Appointment',	NULL,	NULL,	'2025-12-14 13:55:02',	'2025-12-14 13:55:02'),
(337,	2,	'appointment_cancelled',	'Anulowanie wizyty',	'Wizyta test harmo poprawki zaplanowana na 15.12.2025 16:00 zostaa anulowana.',	'{\"appointment_id\":20,\"reason\":null}',	0,	NULL,	20,	'App\\Models\\Appointment',	NULL,	NULL,	'2025-12-14 13:55:06',	'2025-12-14 13:55:06'),
(338,	3,	'appointment_created',	'Nowa wizyta w kalendarzu',	'Dodano now wizyt: test nowy harmo w dniu 15.12.2025 14:00',	'{\"appointment_id\":21}',	0,	NULL,	21,	'App\\Models\\Appointment',	NULL,	NULL,	'2025-12-14 13:55:28',	'2025-12-14 13:55:28'),
(339,	2,	'appointment_created',	'Nowa wizyta',	'Um贸wiono Ci na wizyt: zen w dniu 16.12.2025 14:30',	'{\"appointment_id\":22}',	0,	NULL,	22,	'App\\Models\\Appointment',	NULL,	NULL,	'2025-12-14 15:16:27',	'2025-12-14 15:16:27'),
(340,	3,	'appointment_created',	'Nowa wizyta w kalendarzu',	'Dodano now wizyt: zen w dniu 16.12.2025 14:30',	'{\"appointment_id\":22}',	0,	NULL,	22,	'App\\Models\\Appointment',	NULL,	NULL,	'2025-12-14 15:16:27',	'2025-12-14 15:16:27'),
(341,	2,	'appointment_updated',	'Zmiana wizyty',	'Wizyta zen - Damian Duda zostaa zaktualizowana na 16.12.2025 16:30',	'{\"appointment_id\":22}',	0,	NULL,	22,	'App\\Models\\Appointment',	NULL,	NULL,	'2025-12-14 15:16:58',	'2025-12-14 15:16:58'),
(342,	2,	'appointment_updated',	'Zmiana wizyty',	'Wizyta zen - Damian Duda - Damian Duda zostaa zaktualizowana na 16.12.2025 18:00',	'{\"appointment_id\":22}',	0,	NULL,	22,	'App\\Models\\Appointment',	NULL,	NULL,	'2025-12-14 15:17:43',	'2025-12-14 15:17:43'),
(343,	2,	'appointment_updated',	'Zmiana wizyty',	'Wizyta zen - Damian Duda - Damian Duda - Damian Duda zostaa zaktualizowana na 16.12.2025 18:00',	'{\"appointment_id\":22}',	0,	NULL,	22,	'App\\Models\\Appointment',	NULL,	NULL,	'2025-12-14 15:18:09',	'2025-12-14 15:18:09'),
(344,	2,	'appointment_updated',	'Zmiana wizyty',	'Wizyta zen - Damian Duda - Damian Duda - Damian Duda - Damian Duda zostaa zaktualizowana na 16.12.2025 16:00',	'{\"appointment_id\":22}',	0,	NULL,	22,	'App\\Models\\Appointment',	NULL,	NULL,	'2025-12-14 15:22:20',	'2025-12-14 15:22:20'),
(345,	2,	'appointment_updated',	'Zmiana wizyty',	'Wizyta zen - Damian Duda - Damian Duda - Damian Duda - Damian Duda - Damian Duda zostaa zaktualizowana na 16.12.2025 14:00',	'{\"appointment_id\":22}',	0,	NULL,	22,	'App\\Models\\Appointment',	NULL,	NULL,	'2025-12-14 15:22:51',	'2025-12-14 15:22:51'),
(346,	2,	'appointment_updated',	'Zmiana wizyty',	'Wizyta zen - Damian Duda - Damian Duda - Damian Duda - Damian Duda - Damian Duda - Damian Duda zostaa zaktualizowana na 16.12.2025 13:00',	'{\"appointment_id\":22}',	0,	NULL,	22,	'App\\Models\\Appointment',	NULL,	NULL,	'2025-12-14 15:23:11',	'2025-12-14 15:23:11'),
(347,	2,	'appointment_updated',	'Zmiana wizyty',	'Wizyta zen - Damian Duda - Damian Duda - Damian Duda - Damian Duda - Damian Duda - Damian Duda - Damian Duda zostaa zaktualizowana na 16.12.2025 13:00',	'{\"appointment_id\":22}',	0,	NULL,	22,	'App\\Models\\Appointment',	NULL,	NULL,	'2025-12-14 15:26:47',	'2025-12-14 15:26:47'),
(348,	2,	'appointment_updated',	'Zmiana wizyty',	'Wizyta zen - Damian Duda - Damian Duda - Damian Duda - Damian Duda - Damian Duda - Damian Duda - Damian Duda - Damian Duda zostaa zaktualizowana na 16.12.2025 14:00',	'{\"appointment_id\":22}',	0,	NULL,	22,	'App\\Models\\Appointment',	NULL,	NULL,	'2025-12-14 15:26:56',	'2025-12-14 15:26:56'),
(349,	2,	'appointment_updated',	'Zmiana wizyty',	'Wizyta test nowy harmo - Blokada czasu zostaa zaktualizowana na 15.12.2025 18:00',	'{\"appointment_id\":21}',	0,	NULL,	21,	'App\\Models\\Appointment',	NULL,	NULL,	'2025-12-14 15:27:54',	'2025-12-14 15:27:54'),
(350,	2,	'appointment_updated',	'Zmiana wizyty',	'Wizyta zen - Damian Duda - Damian Duda - Damian Duda - Damian Duda - Damian Duda - Damian Duda - Damian Duda - Damian Duda zostaa zaktualizowana na 16.12.2025 15:00',	'{\"appointment_id\":22}',	0,	NULL,	22,	'App\\Models\\Appointment',	NULL,	NULL,	'2025-12-14 15:30:12',	'2025-12-14 15:30:12'),
(351,	2,	'appointment_updated',	'Zmiana wizyty',	'Wizyta zen - Damian Duda - Damian Duda - Damian Duda - Damian Duda - Damian Duda - Damian Duda - Damian Duda - Damian Duda zostaa zaktualizowana na 16.12.2025 15:00',	'{\"appointment_id\":22}',	0,	NULL,	22,	'App\\Models\\Appointment',	NULL,	NULL,	'2025-12-14 15:30:14',	'2025-12-14 15:30:14'),
(352,	2,	'appointment_updated',	'Zmiana wizyty',	'Wizyta zen - Damian Duda - Damian Duda - Damian Duda - Damian Duda - Damian Duda - Damian Duda - Damian Duda - Damian Duda zostaa zaktualizowana na 16.12.2025 15:30',	'{\"appointment_id\":22}',	0,	NULL,	22,	'App\\Models\\Appointment',	NULL,	NULL,	'2025-12-14 15:42:30',	'2025-12-14 15:42:30'),
(353,	2,	'appointment_updated',	'Zmiana wizyty',	'Wizyta test nowy harmo - Blokada czasu zostaa zaktualizowana na 15.12.2025 11:00',	'{\"appointment_id\":21}',	0,	NULL,	21,	'App\\Models\\Appointment',	NULL,	NULL,	'2025-12-14 15:42:53',	'2025-12-14 15:42:53'),
(354,	2,	'appointment_updated',	'Zmiana wizyty',	'Wizyta test nowy harmo - Blokada czasu zostaa zaktualizowana na 15.12.2025 11:30',	'{\"appointment_id\":21}',	0,	NULL,	21,	'App\\Models\\Appointment',	NULL,	NULL,	'2025-12-14 15:42:59',	'2025-12-14 15:42:59'),
(355,	2,	'appointment_updated',	'Zmiana wizyty',	'Wizyta test nowy harmo - Blokada czasu zostaa zaktualizowana na 15.12.2025 11:30',	'{\"appointment_id\":21}',	0,	NULL,	21,	'App\\Models\\Appointment',	NULL,	NULL,	'2025-12-14 15:43:01',	'2025-12-14 15:43:01'),
(356,	2,	'appointment_updated',	'Zmiana wizyty',	'Wizyta test nowy harmo - Blokada czasu zostaa zaktualizowana na 15.12.2025 12:30',	'{\"appointment_id\":21}',	0,	NULL,	21,	'App\\Models\\Appointment',	NULL,	NULL,	'2025-12-14 15:43:03',	'2025-12-14 15:43:03'),
(357,	2,	'appointment_updated',	'Zmiana wizyty',	'Wizyta zen - Damian Duda - Damian Duda - Damian Duda - Damian Duda - Damian Duda - Damian Duda - Damian Duda - Damian Duda zostaa zaktualizowana na 16.12.2025 16:00',	'{\"appointment_id\":22}',	0,	NULL,	22,	'App\\Models\\Appointment',	NULL,	NULL,	'2025-12-14 15:48:09',	'2025-12-14 15:48:09'),
(358,	2,	'appointment_updated',	'Zmiana wizyty',	'Wizyta test nowy harmo - Blokada czasu zostaa zaktualizowana na 15.12.2025 11:00',	'{\"appointment_id\":21}',	0,	NULL,	21,	'App\\Models\\Appointment',	NULL,	NULL,	'2025-12-14 15:48:34',	'2025-12-14 15:48:34'),
(359,	2,	'appointment_updated',	'Zmiana wizyty',	'Wizyta test nowy harmo - Blokada czasu zostaa zaktualizowana na 15.12.2025 11:00',	'{\"appointment_id\":21}',	0,	NULL,	21,	'App\\Models\\Appointment',	NULL,	NULL,	'2025-12-14 15:48:50',	'2025-12-14 15:48:50'),
(360,	2,	'appointment_updated',	'Zmiana wizyty',	'Wizyta test nowy harmo - Blokada czasu zostaa zaktualizowana na 15.12.2025 12:00',	'{\"appointment_id\":21}',	0,	NULL,	21,	'App\\Models\\Appointment',	NULL,	NULL,	'2025-12-14 15:48:52',	'2025-12-14 15:48:52'),
(361,	2,	'appointment_updated',	'Zmiana wizyty',	'Wizyta test nowy harmo - Blokada czasu zostaa zaktualizowana na 15.12.2025 13:30',	'{\"appointment_id\":21}',	0,	NULL,	21,	'App\\Models\\Appointment',	NULL,	NULL,	'2025-12-14 15:48:55',	'2025-12-14 15:48:55'),
(362,	2,	'appointment_updated',	'Zmiana wizyty',	'Wizyta test nowy harmo - Blokada czasu zostaa zaktualizowana na 15.12.2025 11:00',	'{\"appointment_id\":21}',	0,	NULL,	21,	'App\\Models\\Appointment',	NULL,	NULL,	'2025-12-14 15:48:59',	'2025-12-14 15:48:59'),
(363,	2,	'appointment_updated',	'Zmiana wizyty',	'Wizyta zen - Damian Duda - Damian Duda - Damian Duda - Damian Duda - Damian Duda - Damian Duda - Damian Duda - Damian Duda zostaa zaktualizowana na 16.12.2025 14:00',	'{\"appointment_id\":22}',	0,	NULL,	22,	'App\\Models\\Appointment',	NULL,	NULL,	'2025-12-14 15:51:38',	'2025-12-14 15:51:38'),
(364,	2,	'appointment_updated',	'Zmiana wizyty',	'Wizyta zen - Damian Duda - Damian Duda - Damian Duda - Damian Duda - Damian Duda - Damian Duda - Damian Duda - Damian Duda - Damian Duda zostaa zaktualizowana na 16.12.2025 12:00',	'{\"appointment_id\":22}',	0,	NULL,	22,	'App\\Models\\Appointment',	NULL,	NULL,	'2025-12-14 15:51:50',	'2025-12-14 15:51:50'),
(365,	2,	'appointment_updated',	'Zmiana wizyty',	'Wizyta zen - Damian Duda - Damian Duda - Damian Duda - Damian Duda - Damian Duda - Damian Duda - Damian Duda - Damian Duda - Damian Duda zostaa zaktualizowana na 16.12.2025 14:00',	'{\"appointment_id\":22}',	0,	NULL,	22,	'App\\Models\\Appointment',	NULL,	NULL,	'2025-12-14 15:59:28',	'2025-12-14 15:59:28'),
(366,	2,	'appointment_updated',	'Zmiana wizyty',	'Wizyta zen - Damian Duda - Damian Duda - Damian Duda - Damian Duda - Damian Duda - Damian Duda - Damian Duda - Damian Duda - Damian Duda zostaa zaktualizowana na 16.12.2025 13:00',	'{\"appointment_id\":22}',	0,	NULL,	22,	'App\\Models\\Appointment',	NULL,	NULL,	'2025-12-14 15:59:57',	'2025-12-14 15:59:57'),
(367,	2,	'appointment_updated',	'Zmiana wizyty',	'Wizyta zen - Damian Duda - Damian Duda - Damian Duda - Damian Duda - Damian Duda - Damian Duda - Damian Duda - Damian Duda - Damian Duda zostaa zaktualizowana na 16.12.2025 08:00',	'{\"appointment_id\":22}',	0,	NULL,	22,	'App\\Models\\Appointment',	NULL,	NULL,	'2025-12-14 16:00:03',	'2025-12-14 16:00:03'),
(368,	2,	'appointment_cancelled',	'Anulowanie wizyty',	'Wizyta zen - Damian Duda - Damian Duda - Damian Duda - Damian Duda - Damian Duda - Damian Duda - Damian Duda - Damian Duda - Damian Duda zaplanowana na 16.12.2025 08:00 zostaa anulowana.',	'{\"appointment_id\":22,\"reason\":null}',	0,	NULL,	22,	'App\\Models\\Appointment',	NULL,	NULL,	'2025-12-14 16:00:29',	'2025-12-14 16:00:29'),
(369,	2,	'appointment_created',	'Nowa wizyta',	'Um贸wiono Ci na wizyt: zen test w dniu 16.12.2025 16:30',	'{\"appointment_id\":23}',	0,	NULL,	23,	'App\\Models\\Appointment',	NULL,	NULL,	'2025-12-14 16:01:06',	'2025-12-14 16:01:06'),
(370,	3,	'appointment_created',	'Nowa wizyta w kalendarzu',	'Dodano now wizyt: zen test w dniu 16.12.2025 16:30',	'{\"appointment_id\":23}',	0,	NULL,	23,	'App\\Models\\Appointment',	NULL,	NULL,	'2025-12-14 16:01:06',	'2025-12-14 16:01:06'),
(371,	2,	'appointment_updated',	'Zmiana wizyty',	'Wizyta zen test zostaa zaktualizowana na 16.12.2025 15:30',	'{\"appointment_id\":23}',	0,	NULL,	23,	'App\\Models\\Appointment',	NULL,	NULL,	'2025-12-14 16:34:31',	'2025-12-14 16:34:31'),
(372,	2,	'appointment_cancelled',	'Anulowanie wizyty',	'Wizyta zen test zaplanowana na 16.12.2025 15:30 zostaa anulowana.',	'{\"appointment_id\":23,\"reason\":null}',	0,	NULL,	23,	'App\\Models\\Appointment',	NULL,	NULL,	'2025-12-14 16:35:21',	'2025-12-14 16:35:21'),
(373,	3,	'appointment_created',	'Nowa wizyta w kalendarzu',	'Dodano now wizyt: ostateczne harmo w dniu 16.12.2025 17:00',	'{\"appointment_id\":24}',	0,	NULL,	24,	'App\\Models\\Appointment',	NULL,	NULL,	'2025-12-14 16:35:43',	'2025-12-14 16:35:43'),
(374,	2,	'payment_completed',	'Patno zrealizowana',	'Patno za wizyt \"test nowy harmo - Blokada czasu\" zostaa zrealizowana pomylnie.',	NULL,	0,	NULL,	NULL,	NULL,	'credit-card',	'http://127.0.0.1:8000/payments/13',	'2025-12-14 16:37:04',	'2025-12-14 16:37:04'),
(375,	3,	'payment_received',	'Otrzymano patno',	'Pacjent Damian Duda opaci wizyt.',	NULL,	0,	NULL,	NULL,	NULL,	'credit-card',	'http://127.0.0.1:8000/payments/13',	'2025-12-14 16:37:04',	'2025-12-14 16:37:04'),
(376,	2,	'appointment_created',	'Nowa wizyta',	'Um贸wiono Ci na wizyt: twoja wizyta w dniu 16.12.2025 17:00',	'{\"appointment_id\":25}',	0,	NULL,	25,	'App\\Models\\Appointment',	NULL,	NULL,	'2025-12-14 16:40:03',	'2025-12-14 16:40:03'),
(377,	3,	'appointment_created',	'Nowa wizyta w kalendarzu',	'Dodano now wizyt: twoja wizyta w dniu 16.12.2025 17:00',	'{\"appointment_id\":25}',	0,	NULL,	25,	'App\\Models\\Appointment',	NULL,	NULL,	'2025-12-14 16:40:03',	'2025-12-14 16:40:03'),
(378,	2,	'payment_completed',	'Patno zrealizowana',	'Patno za wizyt \"twoja wizyta\" zostaa zrealizowana pomylnie.',	NULL,	0,	NULL,	NULL,	NULL,	'credit-card',	'http://127.0.0.1:8000/payments/14',	'2025-12-14 16:41:49',	'2025-12-14 16:41:49'),
(379,	3,	'payment_received',	'Otrzymano patno',	'Pacjent Damian Duda opaci wizyt.',	NULL,	0,	NULL,	NULL,	NULL,	'credit-card',	'http://127.0.0.1:8000/payments/14',	'2025-12-14 16:41:49',	'2025-12-14 16:41:49'),
(380,	2,	'appointment_updated',	'Zmiana wizyty',	'Wizyta twoja wizyta zostaa zaktualizowana na 16.12.2025 08:00',	'{\"appointment_id\":25}',	0,	NULL,	25,	'App\\Models\\Appointment',	NULL,	NULL,	'2025-12-14 17:03:24',	'2025-12-14 17:03:24'),
(381,	1,	'appointment_cancelled',	'Anulowanie wizyty',	'Wizyta Wizyta - fizjoterapia zaplanowana na 17.12.2025 12:00 zostaa anulowana.',	'{\"appointment_id\":26,\"reason\":null}',	0,	NULL,	26,	'App\\Models\\Appointment',	NULL,	NULL,	'2025-12-15 17:42:33',	'2025-12-15 17:42:33'),
(382,	3,	'appointment_cancelled',	'Anulowanie wizyty',	'Wizyta Wizyta - fizjoterapia zaplanowana na 17.12.2025 12:00 zostaa anulowana.',	'{\"appointment_id\":26,\"reason\":null}',	0,	NULL,	26,	'App\\Models\\Appointment',	NULL,	NULL,	'2025-12-15 17:42:33',	'2025-12-15 17:42:33'),
(383,	1,	'appointment_updated',	'Zmiana wizyty',	'Wizyta m贸zg zostaa zaktualizowana na 18.12.2025 14:00',	'{\"appointment_id\":27}',	1,	'2026-01-07 12:03:28',	27,	'App\\Models\\Appointment',	NULL,	NULL,	'2025-12-15 17:57:20',	'2026-01-07 12:03:28'),
(384,	3,	'appointment_updated',	'Wizyta zostaa zmieniona',	'Wizyta m贸zg zostaa zaktualizowana na 18.12.2025 14:00',	'{\"appointment_id\":27}',	0,	NULL,	27,	'App\\Models\\Appointment',	NULL,	NULL,	'2025-12-15 17:57:20',	'2025-12-15 17:57:20'),
(385,	2,	'appointment_updated',	'Zmiana wizyty',	'Wizyta twoja wizyta - Damian Duda zostaa zaktualizowana na 16.12.2025 15:00',	'{\"appointment_id\":25}',	0,	NULL,	25,	'App\\Models\\Appointment',	NULL,	NULL,	'2025-12-15 18:02:51',	'2025-12-15 18:02:51'),
(386,	2,	'appointment_updated',	'Zmiana wizyty',	'Wizyta twoja wizyta - Damian Duda zostaa zaktualizowana na 16.12.2025 15:00',	'{\"appointment_id\":25}',	0,	NULL,	25,	'App\\Models\\Appointment',	NULL,	NULL,	'2025-12-15 18:12:58',	'2025-12-15 18:12:58'),
(387,	3,	'appointment_updated',	'Wizyta zostaa zmieniona',	'Wizyta twoja wizyta - Damian Duda zostaa zaktualizowana na 16.12.2025 15:00',	'{\"appointment_id\":25}',	0,	NULL,	25,	'App\\Models\\Appointment',	NULL,	NULL,	'2025-12-15 18:12:58',	'2025-12-15 18:12:58'),
(388,	10,	'appointment_updated',	'Zmiana wizyty',	'Wizyta m贸zg - Jan Kowalski (Dr Kuba Kokowski) zostaa zaktualizowana na 18.12.2025 14:00',	'{\"appointment_id\":27}',	0,	NULL,	27,	'App\\Models\\Appointment',	NULL,	NULL,	'2025-12-15 18:26:18',	'2025-12-15 18:26:18'),
(389,	3,	'appointment_updated',	'Wizyta zostaa zmieniona',	'Wizyta m贸zg - Jan Kowalski (Dr Kuba Kokowski) zostaa zaktualizowana na 18.12.2025 14:00',	'{\"appointment_id\":27}',	0,	NULL,	27,	'App\\Models\\Appointment',	NULL,	NULL,	'2025-12-15 18:26:18',	'2025-12-15 18:26:18'),
(390,	2,	'appointment_created',	'Nowa wizyta',	'Um贸wiono Ci na wizyt: pay test w dniu 18.12.2025 11:00',	'{\"appointment_id\":28}',	0,	NULL,	28,	'App\\Models\\Appointment',	NULL,	NULL,	'2025-12-16 10:42:27',	'2025-12-16 10:42:27'),
(391,	3,	'appointment_created',	'Nowa wizyta w kalendarzu',	'Dodano now wizyt: pay test w dniu 18.12.2025 11:00',	'{\"appointment_id\":28}',	0,	NULL,	28,	'App\\Models\\Appointment',	NULL,	NULL,	'2025-12-16 10:42:27',	'2025-12-16 10:42:27'),
(392,	2,	'payment_completed',	'Patno zrealizowana',	'Patno za wizyt \"pay test\" zostaa zrealizowana pomylnie.',	NULL,	0,	NULL,	NULL,	NULL,	'credit-card',	'http://127.0.0.1:8000/payments/15',	'2025-12-16 13:18:40',	'2025-12-16 13:18:40'),
(393,	3,	'payment_received',	'Otrzymano patno',	'Pacjent Damian Duda opaci wizyt.',	NULL,	0,	NULL,	NULL,	NULL,	'credit-card',	'http://127.0.0.1:8000/payments/15',	'2025-12-16 13:18:40',	'2025-12-16 13:18:40'),
(394,	2,	'appointment_created',	'Nowa wizyta',	'Um贸wiono Ci na wizyt: test rezerwacja w dniu 22.12.2025 15:00',	'{\"appointment_id\":30}',	0,	NULL,	30,	'App\\Models\\Appointment',	NULL,	NULL,	'2025-12-16 17:57:39',	'2025-12-16 17:57:39'),
(395,	3,	'appointment_created',	'Nowa wizyta w kalendarzu',	'Dodano now wizyt: test rezerwacja w dniu 22.12.2025 15:00',	'{\"appointment_id\":30}',	0,	NULL,	30,	'App\\Models\\Appointment',	NULL,	NULL,	'2025-12-16 17:57:39',	'2025-12-16 17:57:39'),
(396,	2,	'appointment_updated',	'Zmiana wizyty',	'Wizyta test nowy harmo - Blokada czasu zostaa zaktualizowana na 15.12.2025 14:30',	'{\"appointment_id\":21}',	0,	NULL,	21,	'App\\Models\\Appointment',	NULL,	NULL,	'2025-12-16 18:05:46',	'2025-12-16 18:05:46'),
(397,	3,	'appointment_cancelled',	'Anulowanie wizyty',	'Wizyta zapalenie zaplanowana na 24.12.2025 13:00 zostaa anulowana.',	'{\"appointment_id\":31,\"reason\":null}',	0,	NULL,	31,	'App\\Models\\Appointment',	NULL,	NULL,	'2025-12-16 18:31:51',	'2025-12-16 18:31:51'),
(398,	3,	'appointment_updated',	'Zmiana wizyty',	'Wizyta oj zostaa zaktualizowana na 30.12.2025 12:00',	'{\"appointment_id\":35}',	0,	NULL,	35,	'App\\Models\\Appointment',	NULL,	NULL,	'2026-01-01 17:05:19',	'2026-01-01 17:05:19'),
(399,	11,	'appointment_updated',	'Wizyta zostaa zmieniona',	'Wizyta oj zostaa zaktualizowana na 30.12.2025 12:00',	'{\"appointment_id\":35}',	0,	NULL,	35,	'App\\Models\\Appointment',	NULL,	NULL,	'2026-01-01 17:05:19',	'2026-01-01 17:05:19'),
(400,	2,	'payment_completed',	'Patno zrealizowana',	'Patno za wizyt \"test rezerwacja\" zostaa zrealizowana pomylnie.',	NULL,	0,	NULL,	NULL,	NULL,	'credit-card',	'http://127.0.0.1:8000/payments/16',	'2026-01-01 17:07:58',	'2026-01-01 17:07:58'),
(401,	3,	'payment_received',	'Otrzymano patno',	'Pacjent Damian Duda opaci wizyt.',	NULL,	0,	NULL,	NULL,	NULL,	'credit-card',	'http://127.0.0.1:8000/payments/16',	'2026-01-01 17:07:58',	'2026-01-01 17:07:58'),
(402,	2,	'appointment_updated',	'Zmiana wizyty',	'Wizyta dassdas zostaa zaktualizowana na 02.01.2026 14:00',	'{\"appointment_id\":34}',	0,	NULL,	34,	'App\\Models\\Appointment',	NULL,	NULL,	'2026-01-01 17:09:49',	'2026-01-01 17:09:49'),
(403,	2,	'appointment_created',	'Nowa wizyta',	'Um贸wiono Ci na wizyt: dasdasdas w dniu 02.01.2026 12:30',	'{\"appointment_id\":36}',	0,	NULL,	36,	'App\\Models\\Appointment',	NULL,	NULL,	'2026-01-01 17:11:33',	'2026-01-01 17:11:33'),
(404,	3,	'appointment_created',	'Nowa wizyta w kalendarzu',	'Dodano now wizyt: dasdasdas w dniu 02.01.2026 12:30',	'{\"appointment_id\":36}',	1,	'2026-01-09 15:06:39',	36,	'App\\Models\\Appointment',	NULL,	NULL,	'2026-01-01 17:11:33',	'2026-01-09 15:06:39'),
(405,	2,	'appointment_updated',	'Zmiana wizyty',	'Wizyta dasdasdas zostaa zaktualizowana na 02.01.2026 12:00',	'{\"appointment_id\":36}',	0,	NULL,	36,	'App\\Models\\Appointment',	NULL,	NULL,	'2026-01-01 17:19:46',	'2026-01-01 17:19:46'),
(406,	3,	'appointment_updated',	'Zmiana wizyty',	'Wizyta oj zostaa zaktualizowana na 30.12.2025 14:30',	'{\"appointment_id\":35}',	0,	NULL,	35,	'App\\Models\\Appointment',	NULL,	NULL,	'2026-01-06 23:58:25',	'2026-01-06 23:58:25'),
(407,	11,	'appointment_updated',	'Wizyta zostaa zmieniona',	'Wizyta oj zostaa zaktualizowana na 30.12.2025 14:30',	'{\"appointment_id\":35}',	0,	NULL,	35,	'App\\Models\\Appointment',	NULL,	NULL,	'2026-01-06 23:58:25',	'2026-01-06 23:58:25'),
(408,	2,	'payment_completed',	'Patno zrealizowana',	'Patno za wizyt \"dasdasdas\" zostaa zrealizowana pomylnie.',	NULL,	1,	'2026-01-09 15:04:49',	NULL,	NULL,	'credit-card',	'http://127.0.0.1:8000/payments/17',	'2026-01-07 00:00:23',	'2026-01-09 15:04:49'),
(409,	3,	'payment_received',	'Otrzymano patno',	'Pacjent Damian Duda opaci wizyt.',	NULL,	0,	NULL,	NULL,	NULL,	'credit-card',	'http://127.0.0.1:8000/payments/17',	'2026-01-07 00:00:23',	'2026-01-07 00:00:23'),
(410,	2,	'appointment_updated',	'Zmiana wizyty',	'Wizyta dassdas zostaa zaktualizowana na 02.01.2026 15:00',	'{\"appointment_id\":34}',	0,	NULL,	34,	'App\\Models\\Appointment',	NULL,	NULL,	'2026-01-08 00:51:04',	'2026-01-08 00:51:04'),
(411,	3,	'appointment_updated',	'Wizyta zostaa zmieniona',	'Wizyta dassdas zostaa zaktualizowana na 02.01.2026 15:00',	'{\"appointment_id\":34}',	0,	NULL,	34,	'App\\Models\\Appointment',	NULL,	NULL,	'2026-01-08 00:51:04',	'2026-01-08 00:51:04'),
(412,	2,	'appointment_updated',	'Zmiana wizyty',	'Wizyta dasdasdas zostaa zaktualizowana na 02.01.2026 12:30',	'{\"appointment_id\":36}',	1,	'2026-01-09 15:03:27',	36,	'App\\Models\\Appointment',	NULL,	NULL,	'2026-01-08 00:51:08',	'2026-01-09 15:03:27'),
(413,	3,	'appointment_updated',	'Wizyta zostaa zmieniona',	'Wizyta dasdasdas zostaa zaktualizowana na 02.01.2026 12:30',	'{\"appointment_id\":36}',	0,	NULL,	36,	'App\\Models\\Appointment',	NULL,	NULL,	'2026-01-08 00:51:08',	'2026-01-08 00:51:08'),
(414,	4,	'appointment_created',	'Nowa wizyta',	'Um贸wiono Ci na wizyt: test zielony w dniu 09.01.2026 13:00',	'{\"appointment_id\":37}',	0,	NULL,	37,	'App\\Models\\Appointment',	NULL,	NULL,	'2026-01-09 15:57:23',	'2026-01-09 15:57:23'),
(415,	3,	'appointment_created',	'Nowa wizyta w kalendarzu',	'Dodano now wizyt: test zielony w dniu 09.01.2026 13:00',	'{\"appointment_id\":37}',	0,	NULL,	37,	'App\\Models\\Appointment',	NULL,	NULL,	'2026-01-09 15:57:23',	'2026-01-09 15:57:23'),
(416,	2,	'appointment_updated',	'Zmiana wizyty',	'Wizyta test rezerwacja zostaa zaktualizowana na 22.12.2025 16:00',	'{\"appointment_id\":30}',	0,	NULL,	30,	'App\\Models\\Appointment',	NULL,	NULL,	'2026-01-12 13:49:19',	'2026-01-12 13:49:19'),
(417,	3,	'appointment_updated',	'Wizyta zostaa zmieniona',	'Wizyta test rezerwacja zostaa zaktualizowana na 22.12.2025 16:00',	'{\"appointment_id\":30}',	0,	NULL,	30,	'App\\Models\\Appointment',	NULL,	NULL,	'2026-01-12 13:49:19',	'2026-01-12 13:49:19'),
(418,	2,	'appointment_updated',	'Zmiana wizyty',	'Wizyta dassdas zostaa zaktualizowana na 02.01.2026 15:30',	'{\"appointment_id\":34}',	0,	NULL,	34,	'App\\Models\\Appointment',	NULL,	NULL,	'2026-01-12 16:40:10',	'2026-01-12 16:40:10'),
(419,	3,	'appointment_updated',	'Wizyta zostaa zmieniona',	'Wizyta dassdas zostaa zaktualizowana na 02.01.2026 15:30',	'{\"appointment_id\":34}',	0,	NULL,	34,	'App\\Models\\Appointment',	NULL,	NULL,	'2026-01-12 16:40:10',	'2026-01-12 16:40:10'),
(420,	2,	'appointment_updated',	'Zmiana wizyty',	'Wizyta dassdas zostaa zaktualizowana na 02.01.2026 13:30',	'{\"appointment_id\":34}',	0,	NULL,	34,	'App\\Models\\Appointment',	NULL,	NULL,	'2026-01-12 16:40:42',	'2026-01-12 16:40:42'),
(421,	3,	'appointment_updated',	'Wizyta zostaa zmieniona',	'Wizyta dassdas zostaa zaktualizowana na 02.01.2026 13:30',	'{\"appointment_id\":34}',	0,	NULL,	34,	'App\\Models\\Appointment',	NULL,	NULL,	'2026-01-12 16:40:42',	'2026-01-12 16:40:42'),
(422,	4,	'appointment_created',	'Nowa wizyta',	'Um贸wiono Ci na wizyt: test admin w dniu 13.01.2026 16:00',	'{\"appointment_id\":39}',	0,	NULL,	39,	'App\\Models\\Appointment',	NULL,	NULL,	'2026-01-12 16:48:00',	'2026-01-12 16:48:00'),
(423,	11,	'appointment_created',	'Nowa wizyta w kalendarzu',	'Dodano now wizyt: test admin w dniu 13.01.2026 16:00',	'{\"appointment_id\":39}',	0,	NULL,	39,	'App\\Models\\Appointment',	NULL,	NULL,	'2026-01-12 16:48:00',	'2026-01-12 16:48:00'),
(424,	3,	'reservation_request',	'Nowy wniosek o rezerwacj',	'Pacjent Damian Duda prosi o wizyt w dniu 22.01.2026 o 11:00',	'{\"appointment_id\":40}',	1,	'2026-01-19 18:09:53',	40,	'App\\Models\\Appointment',	NULL,	NULL,	'2026-01-19 18:09:37',	'2026-01-19 18:09:53'),
(425,	2,	'appointment_updated',	'Zmiana wizyty',	'Wizyta dasdas - Damian Duda zostaa zaktualizowana na 22.01.2026 11:00',	'{\"appointment_id\":40}',	0,	NULL,	40,	'App\\Models\\Appointment',	NULL,	NULL,	'2026-01-19 18:10:17',	'2026-01-19 18:10:17'),
(426,	2,	'appointment_updated',	'Zmiana wizyty',	'Wizyta dasdas - Damian Duda zostaa zaktualizowana na 19.01.2026 08:00',	'{\"appointment_id\":40}',	0,	NULL,	40,	'App\\Models\\Appointment',	NULL,	NULL,	'2026-01-25 03:25:39',	'2026-01-25 03:25:39'),
(427,	3,	'appointment_updated',	'Wizyta zostaa zmieniona',	'Wizyta dasdas - Damian Duda zostaa zaktualizowana na 19.01.2026 08:00',	'{\"appointment_id\":40}',	0,	NULL,	40,	'App\\Models\\Appointment',	NULL,	NULL,	'2026-01-25 03:25:39',	'2026-01-25 03:25:39'),
(428,	2,	'appointment_updated',	'Zmiana wizyty',	'Wizyta dasdas - Damian Duda zostaa zaktualizowana na 26.01.2026 08:00',	'{\"appointment_id\":40}',	0,	NULL,	40,	'App\\Models\\Appointment',	NULL,	NULL,	'2026-01-25 03:26:14',	'2026-01-25 03:26:14'),
(429,	3,	'appointment_updated',	'Wizyta zostaa zmieniona',	'Wizyta dasdas - Damian Duda zostaa zaktualizowana na 26.01.2026 08:00',	'{\"appointment_id\":40}',	0,	NULL,	40,	'App\\Models\\Appointment',	NULL,	NULL,	'2026-01-25 03:26:14',	'2026-01-25 03:26:14'),
(430,	2,	'appointment_updated',	'Zmiana wizyty',	'Wizyta dasdas - Damian Duda zostaa zaktualizowana na 26.01.2026 14:30',	'{\"appointment_id\":40}',	0,	NULL,	40,	'App\\Models\\Appointment',	NULL,	NULL,	'2026-01-25 03:42:50',	'2026-01-25 03:42:50'),
(431,	3,	'appointment_updated',	'Wizyta zostaa zmieniona',	'Wizyta dasdas - Damian Duda zostaa zaktualizowana na 26.01.2026 14:30',	'{\"appointment_id\":40}',	0,	NULL,	40,	'App\\Models\\Appointment',	NULL,	NULL,	'2026-01-25 03:42:50',	'2026-01-25 03:42:50'),
(432,	2,	'appointment_updated',	'Zmiana wizyty',	'Wizyta dasdas - Damian Duda zostaa zaktualizowana na 26.01.2026 14:00',	'{\"appointment_id\":40}',	0,	NULL,	40,	'App\\Models\\Appointment',	NULL,	NULL,	'2026-01-25 03:42:52',	'2026-01-25 03:42:52'),
(433,	3,	'appointment_updated',	'Wizyta zostaa zmieniona',	'Wizyta dasdas - Damian Duda zostaa zaktualizowana na 26.01.2026 14:00',	'{\"appointment_id\":40}',	0,	NULL,	40,	'App\\Models\\Appointment',	NULL,	NULL,	'2026-01-25 03:42:52',	'2026-01-25 03:42:52'),
(434,	2,	'appointment_updated',	'Zmiana wizyty',	'Wizyta dasdas - Damian Duda zostaa zaktualizowana na 26.01.2026 16:00',	'{\"appointment_id\":40}',	0,	NULL,	40,	'App\\Models\\Appointment',	NULL,	NULL,	'2026-01-25 03:51:28',	'2026-01-25 03:51:28'),
(435,	3,	'appointment_updated',	'Wizyta zostaa zmieniona',	'Wizyta dasdas - Damian Duda zostaa zaktualizowana na 26.01.2026 16:00',	'{\"appointment_id\":40}',	0,	NULL,	40,	'App\\Models\\Appointment',	NULL,	NULL,	'2026-01-25 03:51:28',	'2026-01-25 03:51:28'),
(436,	2,	'appointment_updated',	'Zmiana wizyty',	'Wizyta dasdas - Damian Duda zostaa zaktualizowana na 26.01.2026 16:30',	'{\"appointment_id\":40}',	0,	NULL,	40,	'App\\Models\\Appointment',	NULL,	NULL,	'2026-01-25 03:51:31',	'2026-01-25 03:51:31'),
(437,	3,	'appointment_updated',	'Wizyta zostaa zmieniona',	'Wizyta dasdas - Damian Duda zostaa zaktualizowana na 26.01.2026 16:30',	'{\"appointment_id\":40}',	0,	NULL,	40,	'App\\Models\\Appointment',	NULL,	NULL,	'2026-01-25 03:51:31',	'2026-01-25 03:51:31'),
(438,	2,	'appointment_updated',	'Zmiana wizyty',	'Wizyta dasdas - Damian Duda zostaa zaktualizowana na 26.01.2026 17:00',	'{\"appointment_id\":40}',	0,	NULL,	40,	'App\\Models\\Appointment',	NULL,	NULL,	'2026-01-25 03:51:34',	'2026-01-25 03:51:34'),
(439,	3,	'appointment_updated',	'Wizyta zostaa zmieniona',	'Wizyta dasdas - Damian Duda zostaa zaktualizowana na 26.01.2026 17:00',	'{\"appointment_id\":40}',	0,	NULL,	40,	'App\\Models\\Appointment',	NULL,	NULL,	'2026-01-25 03:51:34',	'2026-01-25 03:51:34'),
(440,	2,	'appointment_updated',	'Zmiana wizyty',	'Wizyta dasdas - Damian Duda zostaa zaktualizowana na 26.01.2026 16:30',	'{\"appointment_id\":40}',	0,	NULL,	40,	'App\\Models\\Appointment',	NULL,	NULL,	'2026-01-25 03:52:16',	'2026-01-25 03:52:16'),
(441,	2,	'appointment_updated',	'Zmiana wizyty',	'Wizyta dasdas - Damian Duda zostaa zaktualizowana na 26.01.2026 16:00',	'{\"appointment_id\":40}',	0,	NULL,	40,	'App\\Models\\Appointment',	NULL,	NULL,	'2026-01-25 03:52:17',	'2026-01-25 03:52:17'),
(442,	11,	'reservation_request',	'Nowy wniosek o rezerwacj',	'Pacjent Damian Duda prosi o wizyt w dniu 26.01.2026 o 18:00',	'{\"appointment_id\":41}',	0,	NULL,	41,	'App\\Models\\Appointment',	NULL,	NULL,	'2026-01-25 06:05:17',	'2026-01-25 06:05:17'),
(443,	11,	'reservation_request',	'Nowy wniosek o rezerwacj - wymagane potwierdzenie',	'Pacjent Damian Duda prosi o wizyt (konsultacja) w dniu 27.01.2026 o 12:00. Kliknij aby potwierdzi i przej wizyt.',	'{\"appointment_id\":42}',	1,	'2026-01-25 16:07:26',	42,	'App\\Models\\Appointment',	NULL,	NULL,	'2026-01-25 15:28:10',	'2026-01-25 16:07:26'),
(444,	2,	'reservation_confirmed',	'Rezerwacja potwierdzona',	'Twoja wizyta w dniu 26.01.2026 16:00 zostaa potwierdzona. Przyjmie Ci: Kuba Kokowski.',	'{\"appointment_id\":40}',	0,	NULL,	40,	'App\\Models\\Appointment',	NULL,	NULL,	'2026-01-25 15:39:06',	'2026-01-25 15:39:06'),
(445,	3,	'reservation_request',	'Nowy wniosek o rezerwacj - wymagane potwierdzenie',	'Pacjent Damian Duda prosi o wizyt (neurorehabilitacja) w dniu 29.01.2026 o 13:00. Kliknij aby potwierdzi i przej wizyt.',	'{\"appointment_id\":43}',	0,	NULL,	43,	'App\\Models\\Appointment',	NULL,	NULL,	'2026-01-25 15:44:25',	'2026-01-25 15:44:25'),
(446,	11,	'reservation_request',	'Nowy wniosek o rezerwacj - wymagane potwierdzenie',	'Pacjent Damian Duda prosi o wizyt (neurorehabilitacja) w dniu 29.01.2026 o 13:00. Kliknij aby potwierdzi i przej wizyt.',	'{\"appointment_id\":43}',	1,	'2026-01-25 15:44:56',	43,	'App\\Models\\Appointment',	NULL,	NULL,	'2026-01-25 15:44:25',	'2026-01-25 15:44:56'),
(447,	2,	'reservation_confirmed',	'Rezerwacja potwierdzona',	'Twoja wizyta w dniu 29.01.2026 13:00 zostaa potwierdzona. Przyjmie Ci: Kuba Kokowski.',	'{\"appointment_id\":43}',	0,	NULL,	43,	'App\\Models\\Appointment',	NULL,	NULL,	'2026-01-25 15:44:56',	'2026-01-25 15:44:56'),
(448,	3,	'reservation_request',	'Nowy wniosek o rezerwacj - wymagane potwierdzenie',	'Pacjent Damian Duda prosi o wizyt (kontrola) w dniu 30.01.2026 o 13:00. Kliknij aby potwierdzi i przej wizyt.',	'{\"appointment_id\":44}',	0,	NULL,	44,	'App\\Models\\Appointment',	NULL,	NULL,	'2026-01-25 15:46:51',	'2026-01-25 15:46:51'),
(449,	11,	'reservation_request',	'Nowy wniosek o rezerwacj - wymagane potwierdzenie',	'Pacjent Damian Duda prosi o wizyt (kontrola) w dniu 30.01.2026 o 13:00. Kliknij aby potwierdzi i przej wizyt.',	'{\"appointment_id\":44}',	1,	'2026-01-27 22:06:31',	44,	'App\\Models\\Appointment',	NULL,	NULL,	'2026-01-25 15:46:51',	'2026-01-27 22:06:31'),
(450,	2,	'reservation_rejected',	'Rezerwacja odrzucona',	'Tw贸j wniosek o wizyt w dniu 26.01.2026 18:00 zosta odrzucony. Pow贸d: da',	'{\"appointment_id\":41}',	0,	NULL,	41,	'App\\Models\\Appointment',	NULL,	NULL,	'2026-01-25 15:47:44',	'2026-01-25 15:47:44'),
(451,	2,	'reservation_confirmed',	'Rezerwacja potwierdzona',	'Twoja wizyta w dniu 27.01.2026 12:00 zostaa potwierdzona. Przyjmie Ci: Adrian Wajdzik.',	'{\"appointment_id\":42}',	0,	NULL,	42,	'App\\Models\\Appointment',	NULL,	NULL,	'2026-01-25 16:07:26',	'2026-01-25 16:07:26'),
(452,	3,	'reservation_request',	'Nowy wniosek o rezerwacj - wymagane potwierdzenie',	'Pacjent Damian Duda prosi o wizyt (neurorehabilitacja) w dniu 29.01.2026 o 11:00. Kliknij aby potwierdzi i przej wizyt.',	'{\"appointment_id\":45}',	0,	NULL,	45,	'App\\Models\\Appointment',	NULL,	NULL,	'2026-01-25 23:50:54',	'2026-01-25 23:50:54'),
(453,	11,	'reservation_request',	'Nowy wniosek o rezerwacj - wymagane potwierdzenie',	'Pacjent Damian Duda prosi o wizyt (neurorehabilitacja) w dniu 29.01.2026 o 11:00. Kliknij aby potwierdzi i przej wizyt.',	'{\"appointment_id\":45}',	1,	'2026-01-25 23:51:33',	45,	'App\\Models\\Appointment',	NULL,	NULL,	'2026-01-25 23:50:54',	'2026-01-25 23:51:33'),
(454,	2,	'reservation_confirmed',	'Rezerwacja potwierdzona',	'Twoja wizyta w dniu 29.01.2026 11:00 zostaa potwierdzona. Przyjmie Ci: Kuba Kokowski. Koszt wizyty: 3,00 PLN. Mo偶esz opaci wizyt online w sekcji Patnoci.',	'{\"appointment_id\":45}',	0,	NULL,	45,	'App\\Models\\Appointment',	NULL,	NULL,	'2026-01-25 23:51:33',	'2026-01-25 23:51:33'),
(455,	2,	'payment_completed',	'Patno zrealizowana',	'Patno za wizyt \"test payment godz klinika\" zostaa zrealizowana pomylnie.',	NULL,	0,	NULL,	NULL,	NULL,	'credit-card',	'http://127.0.0.1:8000/payments/20',	'2026-01-25 23:52:12',	'2026-01-25 23:52:12'),
(456,	3,	'payment_received',	'Otrzymano patno',	'Pacjent Damian Duda opaci wizyt.',	NULL,	0,	NULL,	NULL,	NULL,	'credit-card',	'http://127.0.0.1:8000/payments/20',	'2026-01-25 23:52:12',	'2026-01-25 23:52:12'),
(457,	11,	'reservation_request',	'Nowy wniosek o rezerwacj - wymagane potwierdzenie',	'Pacjent Damian Duda prosi o wizyt (masaz) w dniu 26.01.2026 o 16:00. Kliknij aby potwierdzi i przej wizyt.',	'{\"appointment_id\":46}',	1,	'2026-01-26 01:27:09',	46,	'App\\Models\\Appointment',	NULL,	NULL,	'2026-01-26 01:26:24',	'2026-01-26 01:27:09'),
(458,	2,	'reservation_confirmed',	'Rezerwacja potwierdzona',	'Twoja wizyta w dniu 26.01.2026 16:00 zostaa potwierdzona. Przyjmie Ci: Adrian Wajdzik. Koszt wizyty: 3,00 PLN. Mo偶esz opaci wizyt online w sekcji Patnoci.',	'{\"appointment_id\":46}',	0,	NULL,	46,	'App\\Models\\Appointment',	NULL,	NULL,	'2026-01-26 01:27:09',	'2026-01-26 01:27:09'),
(459,	2,	'appointment_updated',	'Zmiana wizyty',	'Wizyta test prosze dziaaj zostaa zaktualizowana na 29.01.2026 14:00',	'{\"appointment_id\":43}',	0,	NULL,	43,	'App\\Models\\Appointment',	NULL,	NULL,	'2026-01-27 18:15:32',	'2026-01-27 18:15:32'),
(460,	2,	'reservation_confirmed',	'Rezerwacja potwierdzona',	'Twoja wizyta w dniu 30.01.2026 13:00 zostaa potwierdzona. Przyjmie Ci: Kuba Kokowski. Koszt wizyty: 5,00 PLN. Mo偶esz opaci wizyt online w sekcji Patnoci.',	'{\"appointment_id\":44}',	0,	NULL,	44,	'App\\Models\\Appointment',	NULL,	NULL,	'2026-01-27 22:06:31',	'2026-01-27 22:06:31'),
(461,	3,	'reservation_request',	'Nowy wniosek o rezerwacj - wymagane potwierdzenie',	'Pacjent Damian Duda prosi o wizyt (neurorehabilitacja) w dniu 28.01.2026 o 12:00. Kliknij aby potwierdzi i przej wizyt.',	'{\"appointment_id\":47}',	0,	NULL,	47,	'App\\Models\\Appointment',	NULL,	NULL,	'2026-01-27 22:28:46',	'2026-01-27 22:28:46'),
(462,	11,	'reservation_request',	'Nowy wniosek o rezerwacj - wymagane potwierdzenie',	'Pacjent Damian Duda prosi o wizyt (neurorehabilitacja) w dniu 28.01.2026 o 12:00. Kliknij aby potwierdzi i przej wizyt.',	'{\"appointment_id\":47}',	1,	'2026-01-27 22:42:10',	47,	'App\\Models\\Appointment',	NULL,	NULL,	'2026-01-27 22:28:46',	'2026-01-27 22:42:10'),
(463,	3,	'reservation_request',	'Nowy wniosek o rezerwacj - wymagane potwierdzenie',	'Pacjent Damian Duda prosi o wizyt (neurorehabilitacja) w dniu 28.01.2026 o 12:00. Kliknij aby potwierdzi i przej wizyt.',	'{\"appointment_id\":48}',	1,	'2026-01-27 22:45:03',	48,	'App\\Models\\Appointment',	NULL,	NULL,	'2026-01-27 22:29:55',	'2026-01-27 22:45:03'),
(464,	11,	'reservation_request',	'Nowy wniosek o rezerwacj - wymagane potwierdzenie',	'Pacjent Damian Duda prosi o wizyt (neurorehabilitacja) w dniu 28.01.2026 o 12:00. Kliknij aby potwierdzi i przej wizyt.',	'{\"appointment_id\":48}',	0,	NULL,	48,	'App\\Models\\Appointment',	NULL,	NULL,	'2026-01-27 22:29:55',	'2026-01-27 22:29:55'),
(465,	11,	'reservation_request',	'Nowy wniosek o rezerwacj - wymagane potwierdzenie',	'Pacjent Damian Duda prosi o wizyt (konsultacja) w dniu 30.01.2026 o 12:00. Kliknij aby potwierdzi i przej wizyt.',	'{\"appointment_id\":49}',	0,	NULL,	49,	'App\\Models\\Appointment',	NULL,	NULL,	'2026-01-27 22:31:07',	'2026-01-27 22:31:07'),
(466,	11,	'reservation_request',	'Nowy wniosek o rezerwacj - wymagane potwierdzenie',	'Pacjent Damian Duda prosi o wizyt (masaz) w dniu 29.01.2026 o 12:00. Kliknij aby potwierdzi i przej wizyt.',	'{\"appointment_id\":50}',	0,	NULL,	50,	'App\\Models\\Appointment',	NULL,	NULL,	'2026-01-27 22:34:10',	'2026-01-27 22:34:10'),
(467,	3,	'reservation_request',	'Nowy wniosek o rezerwacj - wymagane potwierdzenie',	'Pacjent Damian Duda prosi o wizyt (masaz) w dniu 30.01.2026 o 10:00. Kliknij aby potwierdzi i przej wizyt.',	'{\"appointment_id\":51}',	0,	NULL,	51,	'App\\Models\\Appointment',	NULL,	NULL,	'2026-01-27 22:36:20',	'2026-01-27 22:36:20'),
(468,	11,	'reservation_request',	'Nowy wniosek o rezerwacj - wymagane potwierdzenie',	'Pacjent Damian Duda prosi o wizyt (masaz) w dniu 30.01.2026 o 10:00. Kliknij aby potwierdzi i przej wizyt.',	'{\"appointment_id\":51}',	0,	NULL,	51,	'App\\Models\\Appointment',	NULL,	NULL,	'2026-01-27 22:36:20',	'2026-01-27 22:36:20'),
(469,	3,	'reservation_request',	'Nowy wniosek o rezerwacj - wymagane potwierdzenie',	'Pacjent Damian Duda prosi o wizyt (fizjoterapia) w dniu 30.01.2026 o 11:00. Kliknij aby potwierdzi i przej wizyt.',	'{\"appointment_id\":52}',	0,	NULL,	52,	'App\\Models\\Appointment',	NULL,	NULL,	'2026-01-27 22:36:41',	'2026-01-27 22:36:41'),
(470,	11,	'reservation_request',	'Nowy wniosek o rezerwacj - wymagane potwierdzenie',	'Pacjent Damian Duda prosi o wizyt (fizjoterapia) w dniu 30.01.2026 o 11:00. Kliknij aby potwierdzi i przej wizyt.',	'{\"appointment_id\":52}',	0,	NULL,	52,	'App\\Models\\Appointment',	NULL,	NULL,	'2026-01-27 22:36:41',	'2026-01-27 22:36:41'),
(471,	11,	'reservation_request',	'Nowy wniosek o rezerwacj - wymagane potwierdzenie',	'Pacjent Damian Duda prosi o wizyt (masaz) w dniu 29.01.2026 o 14:00. Kliknij aby potwierdzi i przej wizyt.',	'{\"appointment_id\":53}',	1,	'2026-02-01 13:29:52',	53,	'App\\Models\\Appointment',	NULL,	NULL,	'2026-01-27 22:41:25',	'2026-02-01 13:29:52'),
(472,	2,	'reservation_confirmed',	'Rezerwacja potwierdzona',	'Twoja wizyta w dniu 28.01.2026 12:00 zostaa potwierdzona. Przyjmie Ci: Kuba Kokowski. Koszt wizyty: 5,00 PLN. Mo偶esz opaci wizyt online w sekcji Patnoci.',	'{\"appointment_id\":47}',	0,	NULL,	47,	'App\\Models\\Appointment',	NULL,	NULL,	'2026-01-27 22:42:10',	'2026-01-27 22:42:10'),
(473,	2,	'reservation_confirmed',	'Rezerwacja potwierdzona',	'Twoja wizyta w dniu 29.01.2026 14:00 zostaa potwierdzona. Przyjmie Ci: Adrian Wajdzik.',	'{\"appointment_id\":53}',	0,	NULL,	53,	'App\\Models\\Appointment',	NULL,	NULL,	'2026-02-01 13:29:52',	'2026-02-01 13:29:52'),
(474,	2,	'appointment_cancelled',	'Anulowanie wizyty',	'Wizyta dtyytddydt zaplanowana na 29.01.2026 14:00 zostaa anulowana.',	'{\"appointment_id\":53,\"reason\":null}',	0,	NULL,	53,	'App\\Models\\Appointment',	NULL,	NULL,	'2026-02-01 23:41:47',	'2026-02-01 23:41:47'),
(475,	11,	'appointment_cancelled',	'Anulowanie wizyty',	'Wizyta dtyytddydt zaplanowana na 29.01.2026 14:00 zostaa anulowana.',	'{\"appointment_id\":53,\"reason\":null}',	0,	NULL,	53,	'App\\Models\\Appointment',	NULL,	NULL,	'2026-02-01 23:41:47',	'2026-02-01 23:41:47'),
(476,	2,	'appointment_cancelled',	'Anulowanie wizyty',	'Wizyta B贸l i cierpienie zaplanowana na 26.01.2026 18:00 zostaa anulowana.',	'{\"appointment_id\":41,\"reason\":null}',	0,	NULL,	41,	'App\\Models\\Appointment',	NULL,	NULL,	'2026-02-01 23:42:06',	'2026-02-01 23:42:06'),
(477,	11,	'appointment_cancelled',	'Anulowanie wizyty',	'Wizyta B贸l i cierpienie zaplanowana na 26.01.2026 18:00 zostaa anulowana.',	'{\"appointment_id\":41,\"reason\":null}',	0,	NULL,	41,	'App\\Models\\Appointment',	NULL,	NULL,	'2026-02-01 23:42:06',	'2026-02-01 23:42:06'),
(478,	2,	'appointment_cancelled',	'Anulowanie wizyty',	'Wizyta dasdas - Damian Duda zaplanowana na 26.01.2026 16:00 zostaa anulowana.',	'{\"appointment_id\":40,\"reason\":null}',	0,	NULL,	40,	'App\\Models\\Appointment',	NULL,	NULL,	'2026-02-01 23:42:10',	'2026-02-01 23:42:10'),
(479,	3,	'appointment_cancelled',	'Anulowanie wizyty',	'Wizyta dasdas - Damian Duda zaplanowana na 26.01.2026 16:00 zostaa anulowana.',	'{\"appointment_id\":40,\"reason\":null}',	0,	NULL,	40,	'App\\Models\\Appointment',	NULL,	NULL,	'2026-02-01 23:42:10',	'2026-02-01 23:42:10'),
(480,	11,	'reservation_request',	'Nowy wniosek o rezerwacj - wymagane potwierdzenie',	'Pacjent Damian Duda prosi o wizyt (masaz) w dniu 02.02.2026 o 14:00. Kliknij aby potwierdzi i przej wizyt.',	'{\"appointment_id\":54}',	0,	NULL,	54,	'App\\Models\\Appointment',	NULL,	NULL,	'2026-02-01 23:52:56',	'2026-02-01 23:52:56'),
(481,	3,	'reservation_request',	'Nowy wniosek o rezerwacj - wymagane potwierdzenie',	'Pacjent Damian Duda prosi o wizyt (masaz) w dniu 04.02.2026 o 13:00. Kliknij aby potwierdzi i przej wizyt.',	'{\"appointment_id\":55}',	1,	'2026-02-02 00:00:28',	55,	'App\\Models\\Appointment',	NULL,	NULL,	'2026-02-01 23:53:38',	'2026-02-02 00:00:28'),
(482,	11,	'reservation_request',	'Nowy wniosek o rezerwacj - wymagane potwierdzenie',	'Pacjent Damian Duda prosi o wizyt (masaz) w dniu 04.02.2026 o 13:00. Kliknij aby potwierdzi i przej wizyt.',	'{\"appointment_id\":55}',	1,	'2026-02-02 00:00:28',	55,	'App\\Models\\Appointment',	NULL,	NULL,	'2026-02-01 23:53:38',	'2026-02-02 00:00:28'),
(483,	3,	'reservation_request',	'Nowy wniosek o rezerwacj - wymagane potwierdzenie',	'Pacjent Damian Duda prosi o wizyt (konsultacja) w dniu 04.02.2026 o 13:00. Kliknij aby potwierdzi i przej wizyt.',	'{\"appointment_id\":56}',	0,	NULL,	56,	'App\\Models\\Appointment',	NULL,	NULL,	'2026-02-01 23:54:14',	'2026-02-01 23:54:14'),
(484,	11,	'reservation_request',	'Nowy wniosek o rezerwacj - wymagane potwierdzenie',	'Pacjent Damian Duda prosi o wizyt (konsultacja) w dniu 04.02.2026 o 13:00. Kliknij aby potwierdzi i przej wizyt.',	'{\"appointment_id\":56}',	0,	NULL,	56,	'App\\Models\\Appointment',	NULL,	NULL,	'2026-02-01 23:54:14',	'2026-02-01 23:54:14'),
(485,	2,	'reservation_confirmed',	'Rezerwacja potwierdzona',	'Twoja wizyta w dniu 04.02.2026 13:00 zostaa potwierdzona. Przyjmie Ci: Adrian Wajdzik. Koszt wizyty: 3,00 PLN. Mo偶esz opaci wizyt online w sekcji Patnoci.',	'{\"appointment_id\":55}',	0,	NULL,	55,	'App\\Models\\Appointment',	NULL,	NULL,	'2026-02-02 00:00:28',	'2026-02-02 00:00:28'),
(486,	2,	'appointment_cancelled',	'Anulowanie wizyty',	'Wizyta test wsp贸lnego 2 zaplanowana na 04.02.2026 13:00 zostaa anulowana.',	'{\"appointment_id\":56,\"reason\":null}',	0,	NULL,	56,	'App\\Models\\Appointment',	NULL,	NULL,	'2026-02-02 00:13:05',	'2026-02-02 00:13:05'),
(487,	2,	'appointment_cancelled',	'Anulowanie wizyty',	'Wizyta test wsp贸lnego zaplanowana na 04.02.2026 13:00 zostaa anulowana.',	'{\"appointment_id\":55,\"reason\":null}',	0,	NULL,	55,	'App\\Models\\Appointment',	NULL,	NULL,	'2026-02-02 00:13:09',	'2026-02-02 00:13:09'),
(488,	11,	'appointment_cancelled',	'Anulowanie wizyty',	'Wizyta test wsp贸lnego zaplanowana na 04.02.2026 13:00 zostaa anulowana.',	'{\"appointment_id\":55,\"reason\":null}',	0,	NULL,	55,	'App\\Models\\Appointment',	NULL,	NULL,	'2026-02-02 00:13:09',	'2026-02-02 00:13:09'),
(489,	3,	'reservation_request',	'Nowy wniosek o rezerwacj - wymagane potwierdzenie',	'Pacjent Damian Duda prosi o wizyt (neurorehabilitacja) w dniu 04.02.2026 o 13:00. Kliknij aby potwierdzi i przej wizyt.',	'{\"appointment_id\":57}',	1,	'2026-02-02 00:14:15',	57,	'App\\Models\\Appointment',	NULL,	NULL,	'2026-02-02 00:13:35',	'2026-02-02 00:14:15'),
(490,	11,	'reservation_request',	'Nowy wniosek o rezerwacj - wymagane potwierdzenie',	'Pacjent Damian Duda prosi o wizyt (neurorehabilitacja) w dniu 04.02.2026 o 13:00. Kliknij aby potwierdzi i przej wizyt.',	'{\"appointment_id\":57}',	1,	'2026-02-02 00:14:15',	57,	'App\\Models\\Appointment',	NULL,	NULL,	'2026-02-02 00:13:35',	'2026-02-02 00:14:15'),
(491,	3,	'reservation_request',	'Nowy wniosek o rezerwacj - wymagane potwierdzenie',	'Pacjent Damian Duda prosi o wizyt (masaz) w dniu 04.02.2026 o 13:00. Kliknij aby potwierdzi i przej wizyt.',	'{\"appointment_id\":58}',	1,	'2026-02-02 00:55:06',	58,	'App\\Models\\Appointment',	NULL,	NULL,	'2026-02-02 00:14:02',	'2026-02-02 00:55:06'),
(492,	11,	'reservation_request',	'Nowy wniosek o rezerwacj - wymagane potwierdzenie',	'Pacjent Damian Duda prosi o wizyt (masaz) w dniu 04.02.2026 o 13:00. Kliknij aby potwierdzi i przej wizyt.',	'{\"appointment_id\":58}',	1,	'2026-02-02 00:55:06',	58,	'App\\Models\\Appointment',	NULL,	NULL,	'2026-02-02 00:14:02',	'2026-02-02 00:55:06'),
(493,	2,	'reservation_confirmed',	'Rezerwacja potwierdzona',	'Twoja wizyta w dniu 04.02.2026 13:00 zostaa potwierdzona. Przyjmie Ci: Adrian Wajdzik. Koszt wizyty: 3,00 PLN. Mo偶esz opaci wizyt online w sekcji Patnoci.',	'{\"appointment_id\":57}',	1,	'2026-02-02 00:23:13',	57,	'App\\Models\\Appointment',	NULL,	NULL,	'2026-02-02 00:14:15',	'2026-02-02 00:23:13'),
(494,	2,	'reservation_rejected',	'Rezerwacja odrzucona',	'Tw贸j wniosek o wizyt w dniu 04.02.2026 13:00 zosta odrzucony. Pow贸d: oo',	'{\"appointment_id\":58}',	0,	NULL,	58,	'App\\Models\\Appointment',	NULL,	NULL,	'2026-02-02 00:55:06',	'2026-02-02 00:55:06'),
(495,	3,	'reservation_request',	'Nowy wniosek o rezerwacj - wymagane potwierdzenie',	'Pacjent Damian Duda prosi o wizyt (masaz) w dniu 05.02.2026 o 13:00. Kliknij aby potwierdzi i przej wizyt.',	'{\"appointment_id\":59}',	1,	'2026-02-02 01:05:13',	59,	'App\\Models\\Appointment',	NULL,	NULL,	'2026-02-02 01:04:37',	'2026-02-02 01:05:13'),
(496,	11,	'reservation_request',	'Nowy wniosek o rezerwacj - wymagane potwierdzenie',	'Pacjent Damian Duda prosi o wizyt (masaz) w dniu 05.02.2026 o 13:00. Kliknij aby potwierdzi i przej wizyt.',	'{\"appointment_id\":59}',	0,	NULL,	59,	'App\\Models\\Appointment',	NULL,	NULL,	'2026-02-02 01:04:37',	'2026-02-02 01:04:37'),
(497,	2,	'reservation_confirmed',	'Rezerwacja potwierdzona',	'Twoja wizyta w dniu 05.02.2026 13:00 zostaa potwierdzona. Przyjmie Ci: Adrian Wajdzik. Koszt wizyty: 3,00 PLN. Mo偶esz opaci wizyt online w sekcji Patnoci.',	'{\"appointment_id\":59}',	0,	NULL,	59,	'App\\Models\\Appointment',	NULL,	NULL,	'2026-02-02 01:11:55',	'2026-02-02 01:11:55');

CREATE TABLE `password_reset_tokens` (
  `email` varchar(255) COLLATE utf8mb4_unicode_ci NOT NULL,
  `token` varchar(255) COLLATE utf8mb4_unicode_ci NOT NULL,
  `created_at` timestamp NULL DEFAULT NULL,
  PRIMARY KEY (`email`)
) ENGINE=InnoDB DEFAULT CHARSET=utf8mb4 COLLATE=utf8mb4_unicode_ci;


CREATE TABLE `payments` (
  `id` bigint(20) unsigned NOT NULL AUTO_INCREMENT,
  `appointment_id` bigint(20) unsigned DEFAULT NULL,
  `user_id` bigint(20) unsigned NOT NULL,
  `amount` decimal(10,2) NOT NULL,
  `currency` varchar(3) COLLATE utf8mb4_unicode_ci NOT NULL DEFAULT 'PLN',
  `status` enum('pending','completed','failed','refunded') COLLATE utf8mb4_unicode_ci NOT NULL DEFAULT 'pending',
  `payment_method` enum('stripe','cash','card','transfer') COLLATE utf8mb4_unicode_ci NOT NULL DEFAULT 'stripe',
  `stripe_payment_intent_id` varchar(255) COLLATE utf8mb4_unicode_ci DEFAULT NULL,
  `stripe_charge_id` varchar(255) COLLATE utf8mb4_unicode_ci DEFAULT NULL,
  `stripe_payment_method` text COLLATE utf8mb4_unicode_ci DEFAULT NULL,
  `description` text COLLATE utf8mb4_unicode_ci DEFAULT NULL,
  `metadata` longtext CHARACTER SET utf8mb4 COLLATE utf8mb4_bin DEFAULT NULL CHECK (json_valid(`metadata`)),
  `paid_at` timestamp NULL DEFAULT NULL,
  `created_at` timestamp NULL DEFAULT NULL,
  `updated_at` timestamp NULL DEFAULT NULL,
  PRIMARY KEY (`id`),
  KEY `payments_user_id_index` (`user_id`),
  KEY `payments_appointment_id_index` (`appointment_id`),
  KEY `payments_status_index` (`status`),
  CONSTRAINT `payments_appointment_id_foreign` FOREIGN KEY (`appointment_id`) REFERENCES `appointments` (`id`) ON DELETE CASCADE,
  CONSTRAINT `payments_user_id_foreign` FOREIGN KEY (`user_id`) REFERENCES `users` (`id`) ON DELETE CASCADE
) ENGINE=InnoDB DEFAULT CHARSET=utf8mb4 COLLATE=utf8mb4_unicode_ci;

INSERT INTO `payments` (`id`, `appointment_id`, `user_id`, `amount`, `currency`, `status`, `payment_method`, `stripe_payment_intent_id`, `stripe_charge_id`, `stripe_payment_method`, `description`, `metadata`, `paid_at`, `created_at`, `updated_at`) VALUES
(3,	11,	2,	4.00,	'PLN',	'completed',	'cash',	NULL,	NULL,	NULL,	'Patno got贸wk za wizyt: SASA',	NULL,	'2025-11-18 02:05:03',	'2025-11-18 02:05:03',	'2025-11-18 02:05:03'),
(4,	14,	2,	3.00,	'pln',	'completed',	'stripe',	'pi_3SVMdTERiMzwuHms0WXwfTHg',	NULL,	NULL,	'Patno za wizyt: test',	'{\"stripe_session_id\":\"cs_test_a1TnT4I5SGlV94oppAmDcknNNe1ptVWQuQ5BnxLGCGg3SiN9pFdnnPepUX\"}',	'2025-11-20 02:26:22',	'2025-11-20 02:14:09',	'2025-11-20 02:26:22'),
(5,	15,	2,	4.00,	'pln',	'completed',	'stripe',	'pi_3SVMhfERiMzwuHms1jsVJikm',	NULL,	NULL,	'Patno za wizyt: Fizjo',	'{\"stripe_session_id\":\"cs_test_a1qbuGRfbSatJD1wFI32q8sv2bJ5eYuOpZZRGyXjNtwItLUAb6UaoxFhW1\"}',	'2025-11-20 02:30:45',	'2025-11-20 02:28:43',	'2025-11-20 02:30:45'),
(6,	16,	2,	4.00,	'pln',	'completed',	'stripe',	'pi_3SVdj4ERiMzwuHms1AyCz2W8',	NULL,	NULL,	'Patno za wizyt: dupa',	'{\"stripe_session_id\":\"cs_test_a10zyc7OvGrVAiRwC7t0XJCJNsFmIpy4mLuLeppJMtLPiV6ohw4hCaWO2P\"}',	'2025-11-20 20:41:20',	'2025-11-20 20:32:30',	'2025-11-20 20:41:20'),
(8,	18,	6,	5.00,	'pln',	'completed',	'stripe',	'pi_3SYbbuERiMzwuHms1OPTp4uQ',	NULL,	NULL,	'Patno za wizyt: ostateczna dupa',	'{\"stripe_session_id\":\"cs_test_a1ulGwmcJNhQ1YzBHGjPKDACoufqZS7CufzTQjglof2SXvomT0YQ6M07kM\"}',	'2025-11-29 01:02:07',	'2025-11-29 01:00:41',	'2025-11-29 01:02:07'),
(13,	21,	2,	3.00,	'PLN',	'completed',	'cash',	NULL,	NULL,	NULL,	'Patno got贸wk za wizyt: test nowy harmo - Blokada czasu',	NULL,	'2025-12-14 16:37:04',	'2025-12-14 16:37:04',	'2025-12-14 16:37:04'),
(14,	25,	2,	3.00,	'pln',	'completed',	'stripe',	'pi_3SeHQTERiMzwuHms1m70GxqC',	NULL,	NULL,	'Patno za wizyt: twoja wizyta',	'{\"stripe_session_id\":\"cs_test_a1nEFbi5PbkFMEF2PqoGDyq2g16TBvRSyVsAS34E0iabtpi2lKYPoLiDEG\"}',	'2025-12-14 16:41:49',	'2025-12-14 16:40:03',	'2025-12-14 16:41:49'),
(15,	28,	2,	3.00,	'pln',	'completed',	'stripe',	'pi_3SexCyERiMzwuHms1V5HVxim',	NULL,	NULL,	'Patno za wizyt: pay test',	'{\"stripe_session_id\":\"cs_test_a1Y6acTPYobKScgaQ3nRcrkUUp3D1ZjtOItzY4qcBgstStJ93V8Cgel2RR\"}',	'2025-12-16 13:18:40',	'2025-12-16 10:42:27',	'2025-12-16 13:18:40'),
(16,	30,	2,	3.00,	'pln',	'completed',	'stripe',	'pi_3SkoPbERiMzwuHms079RDGpb',	NULL,	NULL,	'Patno za wizyt: test rezerwacja',	'{\"stripe_session_id\":\"cs_test_a1dIzMtDrZyCg4FOu7wLCxLuRKKJPPTQNZczmMWx8hef9ktO4NPTUAkVDD\"}',	'2026-01-01 17:07:58',	'2025-12-16 17:57:39',	'2026-01-01 17:07:58'),
(17,	36,	2,	3.00,	'pln',	'completed',	'stripe',	'pi_3SmjEWERiMzwuHms0tyiU5Fk',	NULL,	NULL,	'Patno za wizyt: dasdasdas',	'{\"stripe_session_id\":\"cs_test_a1dyPcxPWvFKLQ78V7xoejNOUHNFmkLvPG65YmVIBVUrlsYqsWSaD4fYju\"}',	'2026-01-07 00:00:23',	'2026-01-01 17:11:33',	'2026-01-07 00:00:23'),
(18,	37,	4,	5.00,	'PLN',	'pending',	'stripe',	NULL,	NULL,	NULL,	'Patno za wizyt: test zielony',	NULL,	NULL,	'2026-01-09 15:57:23',	'2026-01-09 15:57:23'),
(19,	39,	4,	3.00,	'PLN',	'pending',	'stripe',	NULL,	NULL,	NULL,	'Patno za wizyt: test admin',	NULL,	NULL,	'2026-01-12 16:48:00',	'2026-01-12 16:48:00'),
(20,	45,	2,	3.00,	'pln',	'completed',	'stripe',	'pi_3StcA0ERiMzwuHms04fYvtuw',	NULL,	NULL,	'Patno za wizyt: test payment godz klinika',	'{\"stripe_session_id\":\"cs_test_a17Y3FkiKT4G1q80yFg5SbRuMXI44gnjCvo9gPSsb3kjLTZnOnh3WHjv0l\"}',	'2026-01-25 23:52:12',	'2026-01-25 23:51:33',	'2026-01-25 23:52:12'),
(21,	46,	2,	3.00,	'PLN',	'pending',	'stripe',	NULL,	NULL,	NULL,	'Patno za wizyt: kbkjbjkb',	NULL,	NULL,	'2026-01-26 01:27:09',	'2026-01-26 01:27:09'),
(22,	44,	2,	5.00,	'PLN',	'pending',	'stripe',	NULL,	NULL,	NULL,	'Patno za wizyt: test admina przyje',	NULL,	NULL,	'2026-01-27 22:06:31',	'2026-01-27 22:06:31'),
(23,	47,	2,	5.00,	'PLN',	'pending',	'stripe',	NULL,	NULL,	NULL,	'Patno za wizyt: bledy',	NULL,	NULL,	'2026-01-27 22:42:10',	'2026-01-27 22:42:10'),
(25,	57,	2,	3.00,	'PLN',	'pending',	'stripe',	NULL,	NULL,	NULL,	'Patno za wizyt: test wsp贸lnota',	NULL,	NULL,	'2026-02-02 00:14:15',	'2026-02-02 00:14:15'),
(26,	59,	2,	3.00,	'PLN',	'pending',	'stripe',	NULL,	NULL,	NULL,	'Patno za wizyt: test rezerwacja przez fizjo',	NULL,	NULL,	'2026-02-02 01:11:55',	'2026-02-02 01:11:55');

CREATE TABLE `sessions` (
  `id` varchar(255) COLLATE utf8mb4_unicode_ci NOT NULL,
  `user_id` bigint(20) unsigned DEFAULT NULL,
  `ip_address` varchar(45) COLLATE utf8mb4_unicode_ci DEFAULT NULL,
  `user_agent` text COLLATE utf8mb4_unicode_ci DEFAULT NULL,
  `payload` longtext COLLATE utf8mb4_unicode_ci NOT NULL,
  `last_activity` int(11) NOT NULL,
  PRIMARY KEY (`id`),
  KEY `sessions_user_id_index` (`user_id`),
  KEY `sessions_last_activity_index` (`last_activity`)
) ENGINE=InnoDB DEFAULT CHARSET=utf8mb4 COLLATE=utf8mb4_unicode_ci;

INSERT INTO `sessions` (`id`, `user_id`, `ip_address`, `user_agent`, `payload`, `last_activity`) VALUES
('bC6JXpxf8GJdsQOvapbNM0TcTOZzI8UcZpU4wLSu',	1,	'127.0.0.1',	'Mozilla/5.0 (Windows NT 10.0; Win64; x64) AppleWebKit/537.36 (KHTML, like Gecko) Chrome/142.0.0.0 Safari/537.36',	'YTo3OntzOjY6Il90b2tlbiI7czo0MDoiYTBVbjUxRW9PNFNSNXo5SWR6VjNoYkJLNTdsUng0aW1ibXpjaDZKRyI7czozOiJ1cmwiO2E6MTp7czo4OiJpbnRlbmRlZCI7czozNzoiaHR0cDovLzEyNy4wLjAuMTo4MDAwL2FkbWluL2Rhc2hib2FyZCI7fXM6OToiX3ByZXZpb3VzIjthOjE6e3M6MzoidXJsIjtzOjI3OiJodHRwOi8vMTI3LjAuMC4xOjgwMDAvbG9naW4iO31zOjY6Il9mbGFzaCI7YToyOntzOjM6Im9sZCI7YToxOntpOjA7czo3OiJzdWNjZXNzIjt9czozOiJuZXciO2E6MDp7fX1zOjUwOiJsb2dpbl93ZWJfNTliYTM2YWRkYzJiMmY5NDAxNTgwZjAxNGM3ZjU4ZWE0ZTMwOTg5ZCI7aToxO3M6NDoiYXV0aCI7YToxOntzOjIxOiJwYXNzd29yZF9jb25maXJtZWRfYXQiO2k6MTc2MjI1NzQ4Njt9czo3OiJzdWNjZXNzIjtzOjQyOiJXaXRhbXkgeiBwb3dyb3RlbSB3IHBhbmVsdSBhZG1pbmlzdHJhdG9yYSEiO30=',	1762257486),
('bOoKT2y4lAV2HCVQGqvAH8bgJ4OtaXvf6ujs1EKx',	3,	'127.0.0.1',	'Mozilla/5.0 (Windows NT 10.0; Win64; x64) AppleWebKit/537.36 (KHTML, like Gecko) Chrome/142.0.0.0 Safari/537.36',	'YTo1OntzOjY6Il90b2tlbiI7czo0MDoiUGtuS1hXTk1aN2FYYkdabWN4OUxNYXVOTTZEWDlKd2hFVHlJVEptQiI7czo2OiJfZmxhc2giO2E6Mjp7czozOiJuZXciO2E6MDp7fXM6Mzoib2xkIjthOjA6e319czo5OiJfcHJldmlvdXMiO2E6MTp7czozOiJ1cmwiO3M6Mzc6Imh0dHA6Ly8xMjcuMC4wLjE6ODAwMC9kb2N0b3IvcGF0aWVudHMiO31zOjUwOiJsb2dpbl93ZWJfNTliYTM2YWRkYzJiMmY5NDAxNTgwZjAxNGM3ZjU4ZWE0ZTMwOTg5ZCI7aTozO3M6NDoiYXV0aCI7YToxOntzOjIxOiJwYXNzd29yZF9jb25maXJtZWRfYXQiO2k6MTc2MjI1NTg4ODt9fQ==',	1762255919),
('Cd2eqkxY9cUR8UQRDNDScEfe4znAushGQsPzuep6',	10,	'127.0.0.1',	'Mozilla/5.0 (Windows NT 10.0; Win64; x64) AppleWebKit/537.36 (KHTML, like Gecko) Chrome/142.0.0.0 Safari/537.36',	'YTo1OntzOjY6Il90b2tlbiI7czo0MDoiYkZ5clhjTmZFazI1a0wzM3JnOXRiUGFsU00xdlU1cklmbTVHanJlUyI7czo2OiJfZmxhc2giO2E6Mjp7czozOiJuZXciO2E6MDp7fXM6Mzoib2xkIjthOjA6e319czo5OiJfcHJldmlvdXMiO2E6MTp7czozOiJ1cmwiO3M6NDM6Imh0dHA6Ly8xMjcuMC4wLjE6ODAwMC9jaGF0L2FwaS91bnJlYWQtY291bnQiO31zOjUwOiJsb2dpbl93ZWJfNTliYTM2YWRkYzJiMmY5NDAxNTgwZjAxNGM3ZjU4ZWE0ZTMwOTg5ZCI7aToxMDtzOjM6InVybCI7YToxOntzOjg6ImludGVuZGVkIjtzOjQzOiJodHRwOi8vMTI3LjAuMC4xOjgwMDAvY2hhdC9hcGkvdW5yZWFkLWNvdW50Ijt9fQ==',	1762251397),
('cKAMP1QP2xCWhByjuYUDZF8yZ6DjVFgba4gqCsnT',	10,	'127.0.0.1',	'Mozilla/5.0 (Windows NT 10.0; Win64; x64) AppleWebKit/537.36 (KHTML, like Gecko) Chrome/142.0.0.0 Safari/537.36',	'YTo2OntzOjY6Il90b2tlbiI7czo0MDoiRlRwcmV5NmM5WHRDejBrdUx2V0U0ZjN0SkVoakl0YUxQd0Fybm54UiI7czozOiJ1cmwiO2E6MTp7czo4OiJpbnRlbmRlZCI7czozNjoiaHR0cDovLzEyNy4wLjAuMTo4MDAwL3VzZXIvZGFzaGJvYXJkIjt9czo5OiJfcHJldmlvdXMiO2E6MTp7czozOiJ1cmwiO3M6MzY6Imh0dHA6Ly8xMjcuMC4wLjE6ODAwMC91c2VyL2Rhc2hib2FyZCI7fXM6NjoiX2ZsYXNoIjthOjI6e3M6Mzoib2xkIjthOjA6e31zOjM6Im5ldyI7YTowOnt9fXM6NTA6ImxvZ2luX3dlYl81OWJhMzZhZGRjMmIyZjk0MDE1ODBmMDE0YzdmNThlYTRlMzA5ODlkIjtpOjEwO3M6NDoiYXV0aCI7YToxOntzOjIxOiJwYXNzd29yZF9jb25maXJtZWRfYXQiO2k6MTc2MjI1MjY5Mjt9fQ==',	1762252692),
('g1F68bMPguXYk3MZPwSRvAVmEwMM76p2YpLmERmR',	3,	'127.0.0.1',	'Mozilla/5.0 (Windows NT 10.0; Win64; x64) AppleWebKit/537.36 (KHTML, like Gecko) Chrome/142.0.0.0 Safari/537.36',	'YTo2OntzOjY6Il90b2tlbiI7czo0MDoib1dLUWRodW1yZWlUemcwNFhjUkZPMHdXZ2ZSeDR5V0hGSm5mRk5zdyI7czozOiJ1cmwiO2E6MTp7czo4OiJpbnRlbmRlZCI7czozODoiaHR0cDovLzEyNy4wLjAuMTo4MDAwL2RvY3Rvci9kYXNoYm9hcmQiO31zOjk6Il9wcmV2aW91cyI7YToxOntzOjM6InVybCI7czozODoiaHR0cDovLzEyNy4wLjAuMTo4MDAwL2RvY3Rvci9kYXNoYm9hcmQiO31zOjY6Il9mbGFzaCI7YToyOntzOjM6Im9sZCI7YTowOnt9czozOiJuZXciO2E6MDp7fX1zOjUwOiJsb2dpbl93ZWJfNTliYTM2YWRkYzJiMmY5NDAxNTgwZjAxNGM3ZjU4ZWE0ZTMwOTg5ZCI7aTozO3M6NDoiYXV0aCI7YToxOntzOjIxOiJwYXNzd29yZF9jb25maXJtZWRfYXQiO2k6MTc2MjI1NzU4MDt9fQ==',	1762257580),
('Gyoc7WTNIlvbIo4nuqmCpqP1FHIPZPL5Cqis3xAE',	3,	'127.0.0.1',	'Mozilla/5.0 (Windows NT 10.0; Win64; x64) AppleWebKit/537.36 (KHTML, like Gecko) Chrome/142.0.0.0 Safari/537.36',	'YTo2OntzOjY6Il90b2tlbiI7czo0MDoiOW5uSmRqUUdCdFpBdFNvWDRlS05zeHI1akJRNXRpVVdqd2tyWFF2TiI7czozOiJ1cmwiO2E6MTp7czo4OiJpbnRlbmRlZCI7czozODoiaHR0cDovLzEyNy4wLjAuMTo4MDAwL2RvY3Rvci9kYXNoYm9hcmQiO31zOjk6Il9wcmV2aW91cyI7YToxOntzOjM6InVybCI7czozODoiaHR0cDovLzEyNy4wLjAuMTo4MDAwL2RvY3Rvci9kYXNoYm9hcmQiO31zOjY6Il9mbGFzaCI7YToyOntzOjM6Im9sZCI7YTowOnt9czozOiJuZXciO2E6MDp7fX1zOjUwOiJsb2dpbl93ZWJfNTliYTM2YWRkYzJiMmY5NDAxNTgwZjAxNGM3ZjU4ZWE0ZTMwOTg5ZCI7aTozO3M6NDoiYXV0aCI7YToxOntzOjIxOiJwYXNzd29yZF9jb25maXJtZWRfYXQiO2k6MTc2MjI1NzY4Nzt9fQ==',	1762257688),
('H7pSvrBD64U1Ywhd2QFh3Z45NHQd7XANxR7JYuP0',	10,	'127.0.0.1',	'Mozilla/5.0 (Windows NT 10.0; Win64; x64) AppleWebKit/537.36 (KHTML, like Gecko) Chrome/142.0.0.0 Safari/537.36',	'YTo2OntzOjY6Il90b2tlbiI7czo0MDoidnJIV2FUZ0h2bnFyU3V1V2ZqQXNWNVpZY0xqOVBOWGp0WmlHeE1SeSI7czozOiJ1cmwiO2E6MTp7czo4OiJpbnRlbmRlZCI7czozNjoiaHR0cDovLzEyNy4wLjAuMTo4MDAwL3VzZXIvZGFzaGJvYXJkIjt9czo5OiJfcHJldmlvdXMiO2E6MTp7czozOiJ1cmwiO3M6MzY6Imh0dHA6Ly8xMjcuMC4wLjE6ODAwMC91c2VyL2Rhc2hib2FyZCI7fXM6NjoiX2ZsYXNoIjthOjI6e3M6Mzoib2xkIjthOjA6e31zOjM6Im5ldyI7YTowOnt9fXM6NTA6ImxvZ2luX3dlYl81OWJhMzZhZGRjMmIyZjk0MDE1ODBmMDE0YzdmNThlYTRlMzA5ODlkIjtpOjEwO3M6NDoiYXV0aCI7YToxOntzOjIxOiJwYXNzd29yZF9jb25maXJtZWRfYXQiO2k6MTc2MjI1MjY3Njt9fQ==',	1762252677),
('IfYnvACWoz1JZoU9uARJeQyCVKAGMStJNwcKo7FK',	10,	'127.0.0.1',	'Mozilla/5.0 (Windows NT 10.0; Win64; x64) AppleWebKit/537.36 (KHTML, like Gecko) Chrome/142.0.0.0 Safari/537.36',	'YTo1OntzOjY6Il90b2tlbiI7czo0MDoiWmlqbk9seXduNjY5Z1FPaTNaWFp4NFpUQVNiVUZ4NVU1amtQOTAzbSI7czozOiJ1cmwiO2E6MTp7czo4OiJpbnRlbmRlZCI7czozNjoiaHR0cDovLzEyNy4wLjAuMTo4MDAwL3VzZXIvZGFzaGJvYXJkIjt9czo5OiJfcHJldmlvdXMiO2E6MTp7czozOiJ1cmwiO3M6MzY6Imh0dHA6Ly8xMjcuMC4wLjE6ODAwMC91c2VyL2Rhc2hib2FyZCI7fXM6NjoiX2ZsYXNoIjthOjI6e3M6Mzoib2xkIjthOjA6e31zOjM6Im5ldyI7YTowOnt9fXM6NTA6ImxvZ2luX3dlYl81OWJhMzZhZGRjMmIyZjk0MDE1ODBmMDE0YzdmNThlYTRlMzA5ODlkIjtpOjEwO30=',	1762252667),
('kiF7jPmWUXcwkDeQZYMYWZHl4vKgTq0YXGmfA517',	10,	'127.0.0.1',	'Mozilla/5.0 (Windows NT 10.0; Win64; x64) AppleWebKit/537.36 (KHTML, like Gecko) Chrome/142.0.0.0 Safari/537.36',	'YTo2OntzOjY6Il90b2tlbiI7czo0MDoidFpFelBMVmFjUnBIQjhTS1had0dMdTBxWWc5MWkxT2NPVDk5aW5lMCI7czo2OiJfZmxhc2giO2E6Mjp7czozOiJuZXciO2E6MDp7fXM6Mzoib2xkIjthOjA6e319czo5OiJfcHJldmlvdXMiO2E6MTp7czozOiJ1cmwiO3M6MzY6Imh0dHA6Ly8xMjcuMC4wLjE6ODAwMC91c2VyL2Rhc2hib2FyZCI7fXM6NTA6ImxvZ2luX3dlYl81OWJhMzZhZGRjMmIyZjk0MDE1ODBmMDE0YzdmNThlYTRlMzA5ODlkIjtpOjEwO3M6NDoiYXV0aCI7YToxOntzOjIxOiJwYXNzd29yZF9jb25maXJtZWRfYXQiO2k6MTc2MjI1MDk3Mjt9czozOiJ1cmwiO2E6MTp7czo4OiJpbnRlbmRlZCI7czozNjoiaHR0cDovLzEyNy4wLjAuMTo4MDAwL3VzZXIvZGFzaGJvYXJkIjt9fQ==',	1762250972),
('RGUgjioJirUWpnpNdzl6aHq70g5QbDKsJv8ybfGJ',	10,	'127.0.0.1',	'Mozilla/5.0 (Windows NT 10.0; Win64; x64) AppleWebKit/537.36 (KHTML, like Gecko) Chrome/142.0.0.0 Safari/537.36',	'YTo1OntzOjY6Il90b2tlbiI7czo0MDoidGFPZkZzNE12T1lubUhUOWVTVHc5cUxEeGhvcVBXZndWeFlNR1U2MyI7czo2OiJfZmxhc2giO2E6Mjp7czozOiJuZXciO2E6MDp7fXM6Mzoib2xkIjthOjE6e2k6MDtzOjc6InN1Y2Nlc3MiO319czo5OiJfcHJldmlvdXMiO2E6MTp7czozOiJ1cmwiO3M6MTI2OiJodHRwOi8vMTI3LjAuMC4xOjgwMDAvcGFzc3dvcmQvcmVzZXQvZGQwZmFhYjFkNmM0NTJlNzBjYjg4NGM0YTRiYjQ3ZTM5MDIzNjMzYmUzYmNiN2JiMDMzN2Q0NzgwNzFhMTU3Nz9lbWFpbD1zbWlnbG8lNDBnbWFpbC5jb20iO31zOjUwOiJsb2dpbl93ZWJfNTliYTM2YWRkYzJiMmY5NDAxNTgwZjAxNGM3ZjU4ZWE0ZTMwOTg5ZCI7aToxMDtzOjc6InN1Y2Nlc3MiO3M6NzA6Ikhhc8WCbyB6b3N0YcWCbyBwb215xZtsbmllIHpyZXNldG93YW5lISBNb8W8ZXN6IHNpxJkgdGVyYXogemFsb2dvd2HEhy4iO30=',	1762255683),
('RKJrAaJApEKPclmCS2ZQzAFuyEQ7lwIbNroZGBef',	1,	'127.0.0.1',	'Mozilla/5.0 (Windows NT 10.0; Win64; x64) AppleWebKit/537.36 (KHTML, like Gecko) Chrome/142.0.0.0 Safari/537.36',	'YTo2OntzOjY6Il90b2tlbiI7czo0MDoiUjUyeVpWQ2h4MGg4S09uTDJwa1ZLMUhKdnd5NURTdjRSdUt5eWhJcSI7czozOiJ1cmwiO2E6MTp7czo4OiJpbnRlbmRlZCI7czozMDoiaHR0cDovLzEyNy4wLjAuMTo4MDAwL2NhbGVuZGFyIjt9czo5OiJfcHJldmlvdXMiO2E6MTp7czozOiJ1cmwiO3M6Mzc6Imh0dHA6Ly8xMjcuMC4wLjE6ODAwMC9hZG1pbi9kYXNoYm9hcmQiO31zOjY6Il9mbGFzaCI7YToyOntzOjM6Im9sZCI7YTowOnt9czozOiJuZXciO2E6MDp7fX1zOjUwOiJsb2dpbl93ZWJfNTliYTM2YWRkYzJiMmY5NDAxNTgwZjAxNGM3ZjU4ZWE0ZTMwOTg5ZCI7aToxO3M6NDoiYXV0aCI7YToxOntzOjIxOiJwYXNzd29yZF9jb25maXJtZWRfYXQiO2k6MTc2MjI1NTk0NDt9fQ==',	1762255948),
('RUf9w0Kk4VbezaO7IrsVFNsDhLa40m98TM8SoHfg',	1,	'127.0.0.1',	'Mozilla/5.0 (Windows NT 10.0; Win64; x64) AppleWebKit/537.36 (KHTML, like Gecko) Chrome/142.0.0.0 Safari/537.36',	'YTo3OntzOjY6Il90b2tlbiI7czo0MDoiSTRIV1V5YzNVeUlOdVY3dVBSMkwzUDNjZ3JBbWYycDhEY1VaUHczVSI7czozOiJ1cmwiO2E6MTp7czo4OiJpbnRlbmRlZCI7czozNjoiaHR0cDovLzEyNy4wLjAuMTo4MDAwL3VzZXIvZGFzaGJvYXJkIjt9czo5OiJfcHJldmlvdXMiO2E6MTp7czozOiJ1cmwiO3M6Mjc6Imh0dHA6Ly8xMjcuMC4wLjE6ODAwMC9sb2dpbiI7fXM6NjoiX2ZsYXNoIjthOjI6e3M6Mzoib2xkIjthOjE6e2k6MDtzOjc6InN1Y2Nlc3MiO31zOjM6Im5ldyI7YTowOnt9fXM6NTA6ImxvZ2luX3dlYl81OWJhMzZhZGRjMmIyZjk0MDE1ODBmMDE0YzdmNThlYTRlMzA5ODlkIjtpOjE7czo0OiJhdXRoIjthOjE6e3M6MjE6InBhc3N3b3JkX2NvbmZpcm1lZF9hdCI7aToxNzYyMjU3NDc5O31zOjc6InN1Y2Nlc3MiO3M6NDI6IldpdGFteSB6IHBvd3JvdGVtIHcgcGFuZWx1IGFkbWluaXN0cmF0b3JhISI7fQ==',	1762257479),
('sPbOFFLDIFhG2O9f87imYZLofEaCgpd3Bt9gmDFP',	3,	'127.0.0.1',	'Mozilla/5.0 (Windows NT 10.0; Win64; x64) AppleWebKit/537.36 (KHTML, like Gecko) Chrome/142.0.0.0 Safari/537.36',	'YTo2OntzOjY6Il90b2tlbiI7czo0MDoicVR2YnhJeW5OU29Oa2xmQzI3QjdHQ2IwQThrV1BrS1dlMk5nQmRqMiI7czozOiJ1cmwiO2E6MTp7czo4OiJpbnRlbmRlZCI7czozNzoiaHR0cDovLzEyNy4wLjAuMTo4MDAwL2FkbWluL2Rhc2hib2FyZCI7fXM6OToiX3ByZXZpb3VzIjthOjE6e3M6MzoidXJsIjtzOjM4OiJodHRwOi8vMTI3LjAuMC4xOjgwMDAvZG9jdG9yL2Rhc2hib2FyZCI7fXM6NjoiX2ZsYXNoIjthOjI6e3M6Mzoib2xkIjthOjA6e31zOjM6Im5ldyI7YTowOnt9fXM6NTA6ImxvZ2luX3dlYl81OWJhMzZhZGRjMmIyZjk0MDE1ODBmMDE0YzdmNThlYTRlMzA5ODlkIjtpOjM7czo0OiJhdXRoIjthOjE6e3M6MjE6InBhc3N3b3JkX2NvbmZpcm1lZF9hdCI7aToxNzYyMjU3NDk2O319',	1762257496),
('SrpZ4pBbuxiWAFPHYmi5feAsFHhNe7q0BClIs4Be',	NULL,	'127.0.0.1',	'Mozilla/5.0 (Windows NT 10.0; Win64; x64) AppleWebKit/537.36 (KHTML, like Gecko) Chrome/142.0.0.0 Safari/537.36',	'YTo0OntzOjY6Il90b2tlbiI7czo0MDoiZlZBU1VteWxCbmZ1SkhrVWt6ZWl6cTUxTFE1dGxQSXV3bjQzR2NTaCI7czozOiJ1cmwiO2E6MTp7czo4OiJpbnRlbmRlZCI7czo0MzoiaHR0cDovLzEyNy4wLjAuMTo4MDAwL2NoYXQvYXBpL3VucmVhZC1jb3VudCI7fXM6OToiX3ByZXZpb3VzIjthOjE6e3M6MzoidXJsIjtzOjI3OiJodHRwOi8vMTI3LjAuMC4xOjgwMDAvbG9naW4iO31zOjY6Il9mbGFzaCI7YToyOntzOjM6Im9sZCI7YTowOnt9czozOiJuZXciO2E6MDp7fX19',	1762257463),
('uulebmjNcfEa4GLndFLkcuuJ8yEPAI76iERolO53',	3,	'127.0.0.1',	'Mozilla/5.0 (Windows NT 10.0; Win64; x64) AppleWebKit/537.36 (KHTML, like Gecko) Chrome/142.0.0.0 Safari/537.36',	'YTo2OntzOjY6Il90b2tlbiI7czo0MDoiVHpXcnhWclVkQW5LUldLUWpmMms4U1JTTTJlaWlid3B4RnZ4dXBWNCI7czozOiJ1cmwiO2E6MTp7czo4OiJpbnRlbmRlZCI7czozNzoiaHR0cDovLzEyNy4wLjAuMTo4MDAwL2RvY3Rvci9wYXRpZW50cyI7fXM6OToiX3ByZXZpb3VzIjthOjE6e3M6MzoidXJsIjtzOjM4OiJodHRwOi8vMTI3LjAuMC4xOjgwMDAvZG9jdG9yL2Rhc2hib2FyZCI7fXM6NjoiX2ZsYXNoIjthOjI6e3M6Mzoib2xkIjthOjA6e31zOjM6Im5ldyI7YTowOnt9fXM6NTA6ImxvZ2luX3dlYl81OWJhMzZhZGRjMmIyZjk0MDE1ODBmMDE0YzdmNThlYTRlMzA5ODlkIjtpOjM7czo0OiJhdXRoIjthOjE6e3M6MjE6InBhc3N3b3JkX2NvbmZpcm1lZF9hdCI7aToxNzYyMjU3Nzg1O319',	1762257785),
('Wjd4G9aqRGYfkLrdAekqXNQFbxHk55fW35S0nsdN',	NULL,	'127.0.0.1',	'Mozilla/5.0 (Windows NT 10.0; Win64; x64) AppleWebKit/537.36 (KHTML, like Gecko) Chrome/142.0.0.0 Safari/537.36',	'YTo0OntzOjY6Il90b2tlbiI7czo0MDoiSlo0ZFN1a0ZsbHg2UGlnaGN1MjNKdnFYWDJCcFVzeGJMTWdjdEtIMyI7czozOiJ1cmwiO2E6MTp7czo4OiJpbnRlbmRlZCI7czozNzoiaHR0cDovLzEyNy4wLjAuMTo4MDAwL2RvY3Rvci9wYXRpZW50cyI7fXM6OToiX3ByZXZpb3VzIjthOjE6e3M6MzoidXJsIjtzOjI3OiJodHRwOi8vMTI3LjAuMC4xOjgwMDAvbG9naW4iO31zOjY6Il9mbGFzaCI7YToyOntzOjM6Im9sZCI7YTowOnt9czozOiJuZXciO2E6MDp7fX19',	1762257787),
('xeuG8NKNZKd96vxHBqZGGlDExWil9sAK75sbVVmU',	10,	'127.0.0.1',	'Mozilla/5.0 (Windows NT 10.0; Win64; x64) AppleWebKit/537.36 (KHTML, like Gecko) Chrome/142.0.0.0 Safari/537.36',	'YTo1OntzOjY6Il90b2tlbiI7czo0MDoiTEp4QmFMSkhvemwyMmF6TGdUVXdrNk9JSHpaWTYwYTVwakpLN08xdSI7czo5OiJfcHJldmlvdXMiO2E6MTp7czozOiJ1cmwiO3M6MzE6Imh0dHA6Ly8xMjcuMC4wLjE6ODAwMC9kYXNoYm9hcmQiO31zOjY6Il9mbGFzaCI7YToyOntzOjM6Im9sZCI7YTowOnt9czozOiJuZXciO2E6MDp7fX1zOjUwOiJsb2dpbl93ZWJfNTliYTM2YWRkYzJiMmY5NDAxNTgwZjAxNGM3ZjU4ZWE0ZTMwOTg5ZCI7aToxMDtzOjQ6ImF1dGgiO2E6MTp7czoyMToicGFzc3dvcmRfY29uZmlybWVkX2F0IjtpOjE3NjIyNTU2OTE7fX0=',	1762257473),
('XQ6LOXup0GsbfsQykhviQV7eCTHSwgRouM9sd59p',	NULL,	'127.0.0.1',	'Mozilla/5.0 (Windows NT 10.0; Win64; x64) AppleWebKit/537.36 (KHTML, like Gecko) Chrome/142.0.0.0 Safari/537.36',	'YTozOntzOjY6Il90b2tlbiI7czo0MDoidzhWRk5UR3JsRzh5ckdYd3hDdVc1SDVtV3J5dGg4cUJYbFZYcWo5MSI7czo5OiJfcHJldmlvdXMiO2E6MTp7czozOiJ1cmwiO3M6MzY6Imh0dHA6Ly8xMjcuMC4wLjE6ODAwMC9wYXNzd29yZC9yZXNldCI7fXM6NjoiX2ZsYXNoIjthOjI6e3M6Mzoib2xkIjthOjA6e31zOjM6Im5ldyI7YTowOnt9fX0=',	1762255710),
('y7lMGt17KUn6sEIXKVCMFUeQEhkGe9mjNCmkprGW',	NULL,	'127.0.0.1',	'Mozilla/5.0 (Windows NT 10.0; Win64; x64) AppleWebKit/537.36 (KHTML, like Gecko) Chrome/142.0.0.0 Safari/537.36',	'YTozOntzOjY6Il90b2tlbiI7czo0MDoiM0F6OGJVTUI1THdZNFl6YVlTVktRUHczeHhFbWVqdDlXaVZoZ2RjaSI7czo2OiJfZmxhc2giO2E6Mjp7czozOiJuZXciO2E6MDp7fXM6Mzoib2xkIjthOjA6e319czo5OiJfcHJldmlvdXMiO2E6MTp7czozOiJ1cmwiO3M6Mjc6Imh0dHA6Ly8xMjcuMC4wLjE6ODAwMC9sb2dpbiI7fX0=',	1762252761),
('ZID4rBQ7xzbFtRKCK5V2qRMQuECmXPhK2YrEwY5Q',	10,	'127.0.0.1',	'Mozilla/5.0 (Windows NT 10.0; Win64; x64) AppleWebKit/537.36 (KHTML, like Gecko) Chrome/142.0.0.0 Safari/537.36',	'YTo0OntzOjY6Il90b2tlbiI7czo0MDoidTdSb2tCTkQ2UGlOUFhtRU1rUVRHMlF1Y29va3Y1bmlKdEJsTWU5ayI7czo2OiJfZmxhc2giO2E6Mjp7czozOiJvbGQiO2E6MDp7fXM6MzoibmV3IjthOjA6e319czo1MDoibG9naW5fd2ViXzU5YmEzNmFkZGMyYjJmOTQwMTU4MGYwMTRjN2Y1OGVhNGUzMDk4OWQiO2k6MTA7czo5OiJfcHJldmlvdXMiO2E6MTp7czozOiJ1cmwiO3M6NDM6Imh0dHA6Ly8xMjcuMC4wLjE6ODAwMC9jaGF0L2FwaS91bnJlYWQtY291bnQiO319',	1762251046),
('zJpl1e8Kv52xPQvO9tzDQx8JenPZme5bWEqRf4sH',	10,	'127.0.0.1',	'Mozilla/5.0 (Windows NT 10.0; Win64; x64) AppleWebKit/537.36 (KHTML, like Gecko) Chrome/142.0.0.0 Safari/537.36',	'YTo0OntzOjY6Il90b2tlbiI7czo0MDoiYmJ2RW5NRm82TkpvbDBkYU5XUlVEUlRNSEV2YWU3NlBLMWREc242RSI7czo1MDoibG9naW5fd2ViXzU5YmEzNmFkZGMyYjJmOTQwMTU4MGYwMTRjN2Y1OGVhNGUzMDk4OWQiO2k6MTA7czo5OiJfcHJldmlvdXMiO2E6MTp7czozOiJ1cmwiO3M6MzQ6Imh0dHA6Ly8xMjcuMC4wLjE6ODAwMC9lbWFpbC92ZXJpZnkiO31zOjY6Il9mbGFzaCI7YToyOntzOjM6Im9sZCI7YTowOnt9czozOiJuZXciO2E6MDp7fX19',	1762250972);

CREATE TABLE `slot_availability` (
  `id` bigint(20) unsigned NOT NULL AUTO_INCREMENT,
  `doctor_id` bigint(20) unsigned NOT NULL,
  `date` date NOT NULL,
  `start_time` time NOT NULL,
  `end_time` time NOT NULL,
  `max_patients` int(11) NOT NULL DEFAULT 1,
  `current_bookings` int(11) NOT NULL DEFAULT 0,
  `is_available` tinyint(1) NOT NULL DEFAULT 1,
  `visibility` enum('public','restricted','hidden') COLLATE utf8mb4_unicode_ci NOT NULL DEFAULT 'public',
  `allowed_patient_ids` longtext CHARACTER SET utf8mb4 COLLATE utf8mb4_bin DEFAULT NULL CHECK (json_valid(`allowed_patient_ids`)),
  `metadata` longtext CHARACTER SET utf8mb4 COLLATE utf8mb4_bin DEFAULT NULL CHECK (json_valid(`metadata`)),
  `created_at` timestamp NULL DEFAULT NULL,
  `updated_at` timestamp NULL DEFAULT NULL,
  PRIMARY KEY (`id`),
  UNIQUE KEY `slot_availability_doctor_id_date_start_time_unique` (`doctor_id`,`date`,`start_time`),
  KEY `slot_availability_doctor_id_date_index` (`doctor_id`,`date`),
  KEY `slot_availability_doctor_id_is_available_index` (`doctor_id`,`is_available`),
  CONSTRAINT `slot_availability_doctor_id_foreign` FOREIGN KEY (`doctor_id`) REFERENCES `users` (`id`) ON DELETE CASCADE
) ENGINE=InnoDB DEFAULT CHARSET=utf8mb4 COLLATE=utf8mb4_unicode_ci;


CREATE TABLE `users` (
  `id` bigint(20) unsigned NOT NULL AUTO_INCREMENT,
  `firstname` varchar(255) COLLATE utf8mb4_unicode_ci NOT NULL,
  `lastname` varchar(255) COLLATE utf8mb4_unicode_ci NOT NULL,
  `email` varchar(255) COLLATE utf8mb4_unicode_ci NOT NULL,
  `email_verified_at` timestamp NULL DEFAULT NULL,
  `avatar` varchar(255) COLLATE utf8mb4_unicode_ci DEFAULT NULL,
  `password` varchar(255) COLLATE utf8mb4_unicode_ci NOT NULL,
  `role` enum('admin','doctor','user') COLLATE utf8mb4_unicode_ci NOT NULL DEFAULT 'user',
  `phone` varchar(255) COLLATE utf8mb4_unicode_ci DEFAULT NULL,
  `address` text COLLATE utf8mb4_unicode_ci DEFAULT NULL,
  `date_of_birth` date DEFAULT NULL,
  `gender` enum('male','female','other') COLLATE utf8mb4_unicode_ci DEFAULT NULL,
  `emergency_contact` varchar(255) COLLATE utf8mb4_unicode_ci DEFAULT NULL,
  `medical_history` longtext CHARACTER SET utf8mb4 COLLATE utf8mb4_bin DEFAULT NULL CHECK (json_valid(`medical_history`)),
  `preferences` longtext CHARACTER SET utf8mb4 COLLATE utf8mb4_bin DEFAULT NULL CHECK (json_valid(`preferences`)),
  `is_active` tinyint(1) NOT NULL DEFAULT 1,
  `remember_token` varchar(100) COLLATE utf8mb4_unicode_ci DEFAULT NULL,
  `created_at` timestamp NULL DEFAULT NULL,
  `updated_at` timestamp NULL DEFAULT NULL,
  `deleted_at` timestamp NULL DEFAULT NULL,
  PRIMARY KEY (`id`),
  UNIQUE KEY `users_email_unique` (`email`),
  KEY `users_role_is_active_index` (`role`,`is_active`),
  KEY `users_email_index` (`email`),
  KEY `users_firstname_lastname_index` (`firstname`,`lastname`)
) ENGINE=InnoDB DEFAULT CHARSET=utf8mb4 COLLATE=utf8mb4_unicode_ci;

INSERT INTO `users` (`id`, `firstname`, `lastname`, `email`, `email_verified_at`, `avatar`, `password`, `role`, `phone`, `address`, `date_of_birth`, `gender`, `emergency_contact`, `medical_history`, `preferences`, `is_active`, `remember_token`, `created_at`, `updated_at`, `deleted_at`) VALUES
(1,	'Jan',	'Kowalski',	'admin@rehamed.pl',	'2025-11-04 10:43:47',	'avatars/1_1753020822.png',	'$2y$12$1y0kLneDSTEied8odklc.uyAupxA00.u0yHh3PySBN6neMevg3YZ6',	'admin',	'987654321',	NULL,	NULL,	NULL,	NULL,	NULL,	'{\"language\":\"pl\",\"timezone\":\"Europe\\/Warsaw\",\"date_format\":\"d\\/m\\/Y\",\"time_format\":\"24\",\"theme\":\"dark\"}',	1,	'RVBWgvUWfKQnDu0ER69cmnwi1OLeebgCoBGQVfrG2YtglaWw2MJlUwjDOXKu',	'2025-07-17 15:22:29',	'2026-01-09 14:42:19',	NULL),
(2,	'Damian',	'Duda',	'dudusiakpl@gmail.com',	'2025-11-04 10:43:47',	'avatars/2_1753019040.jpg',	'$2y$12$U/qjq63liNcVm/yOLLV43ueCxyYc.eaEpnDsH/AfeaJQ05aVGEcMy',	'user',	'987654321',	'nysa cos tam 2137',	'2002-06-19',	'male',	'2137',	'[\"autyzm\"]',	'{\"language\":\"pl\",\"timezone\":\"Europe\\/Warsaw\",\"date_format\":\"d\\/m\\/Y\",\"time_format\":\"24\",\"theme\":\"light\"}',	1,	'ArDu457ibn2DKOr9S343DGWjOxw8kVe8aM1iyYzRcMZVC7SOwu5baMWANV3C',	'2025-07-17 17:10:14',	'2026-01-27 22:41:06',	NULL),
(3,	'Kuba',	'Kokowski',	'jakubkolkowski25@gmail.com',	'2025-11-04 10:43:47',	'avatars/3_1753018475.jpg',	'$2y$12$Rxb6FCRC5My60XpNQf1XeO776kFSu3Lh5aACivP.8QvoVfdcQaz5i',	'doctor',	'987654321',	'ul. Gabrieli Zapolskiej 2',	'2002-07-01',	'male',	'2137',	NULL,	'{\"language\":\"en\",\"timezone\":\"Europe\\/Warsaw\",\"date_format\":\"d\\/m\\/Y\",\"time_format\":\"24\",\"theme\":\"light\",\"consultation_duration\":30,\"break_between_appointments\":15,\"working_hours_start\":\"08:00\",\"working_hours_end\":\"18:00\",\"working_days\":[\"monday\",\"tuesday\",\"wednesday\",\"thursday\",\"friday\",\"saturday\",\"sunday\"],\"default_document_type\":\"general\",\"auto_confirm_appointments\":false,\"signature\":null}',	1,	'dzeBfoEfYqo82jOuVN8tEt8BrngQNbHhcCbRybxG0NXgDyMo1if5PaUsD00j',	'2025-07-19 08:21:56',	'2026-01-25 16:34:55',	NULL),
(4,	'Natan',	'Zawadzki',	'zawadzki@gmail.com',	'2025-11-04 10:43:47',	NULL,	'$2y$12$6.MNxAbL60MxrSK.VjLE4.5grDKg4D.74okHG2lDsNHAjkaxxMm0i',	'user',	'+48 123 456 789',	'Regulice cos tam 6',	'2002-07-23',	'male',	'2137',	'[\"Cukrzyca typu 2\"]',	'{\"theme\":\"dark\"}',	1,	'BEGngTOuUyG0zk5XnVWOS3ditN34llVCDHSTQIBv0jiJNgBJyXvDHfyqNEPQ',	'2025-07-23 11:49:53',	'2025-11-06 22:36:56',	NULL),
(6,	'Oliver',	'W贸jcik',	'oliver@gmail.com',	'2025-11-04 10:43:47',	NULL,	'$2y$12$9D3Je62m0M507Zab43LMoOb8AwjlWdkt0oCyflloFA7dX8.q.IaYC',	'user',	'+48 123 456 789',	'd',	'2008-06-08',	'male',	'2137',	'[\"\\u0142adna szcz\\u0119ka\"]',	'[]',	0,	'0TUUqBybrwSPtMsqC8C5vyZjwy7b3fxb5siHg0kUX7nYnu8OXf4WgbwjQrNS',	'2025-09-07 23:15:21',	'2025-12-16 19:00:05',	'2025-12-16 19:00:05'),
(8,	'Marek',	'Dobruk',	'jakubkolkowski5@gmail.com',	'2025-11-04 10:43:47',	NULL,	'$2y$12$kiEVnZ8hHnBj3/LzWDrZL.8DbD9ooSnWyiLy6Vrr6MzUlQKk.emL2',	'user',	'+48 987 654 321',	NULL,	NULL,	NULL,	NULL,	NULL,	'{\"theme\":\"dark\"}',	1,	NULL,	'2025-09-17 01:50:40',	'2025-11-08 00:36:25',	NULL),
(9,	'Rafa',	'Wilk',	'rafal@gmail.com',	'2025-11-04 10:43:47',	NULL,	'$2y$12$JK3qLrDxKktgtluLW.9d5uhQE2yQEi.PmnDWKjMHd2cIwfUGJagsi',	'user',	'+48 987 654 321',	NULL,	NULL,	NULL,	NULL,	NULL,	'[]',	1,	NULL,	'2025-09-19 23:24:57',	'2025-10-05 16:37:41',	'2025-10-05 16:37:41'),
(10,	'Kacper',	'migo',	'smiglo@gmail.com',	'2025-11-04 10:43:47',	NULL,	'$2y$12$lAQeq1C3ZKIqwbb5QN6.W.MJpYq2dgtBvCHjHEJK5UYtJ0CeSaOuW',	'user',	'+48 987 654 321',	NULL,	NULL,	NULL,	NULL,	NULL,	'{\"theme\":\"dark\"}',	0,	'oflUAQJO1h563yP0Az53aFCJMGgod1JtSuCyVnFyHIvidjqsnvKtJMjrqDtR',	'2025-11-04 09:58:08',	'2025-12-16 18:59:41',	'2025-12-16 18:59:41'),
(11,	'Adrian',	'Wajdzik',	'wajdas@gmail.com',	'2026-02-02 01:11:32',	NULL,	'$2y$12$jFLUh5Eyb0.mSTkC.UXv..QxxEN76lv2x0AhZZrim1MntwlnVjoUK',	'doctor',	'+48 123 456 789',	'dsa',	'2002-07-14',	'male',	'das',	NULL,	NULL,	1,	NULL,	'2025-12-14 10:06:18',	'2026-02-02 01:11:32',	NULL);

-- 2026-02-02 22:25:32 UTC
